Operator_ID,Process,Shift,Operator_Level,Training_Score,Experience_Months,Total_Units,Defect_Count,Rework_Count,Support_Priority
OP0001,Formation,Day,Experienced,83,40,149,4,2,Low
OP0002,Equipment Setup,Night,New,79,4,134,3,4,High
OP0003,Formation,Night,New,65,5,95,6,3,High
OP0004,Equipment Setup,Day,Experienced,78,27,109,0,0,Low
OP0005,Cell Loading,Night,Intermediate,77,17,148,3,1,Moderate
OP0006,Packaging,Day,New,67,0,120,3,0,Moderate
OP0007,Cell Loading,Night,New,62,8,131,0,3,Moderate
OP0008,Cell Loading,Day,Experienced,86,52,139,4,4,High
OP0009,Equipment Setup,Night,Experienced,78,46,144,3,0,Low
OP0010,Cell Loading,Day,Intermediate,69,14,80,0,0,Low
OP0011,Packaging,Day,New,66,1,148,3,1,Moderate
OP0012,Quality Inspection,Day,Experienced,82,37,127,3,1,Low
OP0013,Packaging,Day,Intermediate,94,16,87,2,4,Moderate
OP0014,Cell Loading,Day,Experienced,88,55,92,2,0,Low
OP0015,Formation,Day,New,75,5,148,2,1,Moderate
OP0016,Equipment Setup,Day,New,96,8,110,3,1,Moderate
OP0017,Formation,Day,Intermediate,79,21,134,2,0,Low
OP0018,Cell Loading,Day,Intermediate,75,10,144,3,2,Low
OP0019,Cell Loading,Day,Intermediate,90,16,85,1,0,Low
OP0020,Packaging,Day,Intermediate,76,13,89,3,0,Low
OP0021,Equipment Setup,Day,Intermediate,90,13,127,2,3,Low
OP0022,Equipment Setup,Day,Experienced,100,60,97,0,2,Low
OP0023,Packaging,Day,Experienced,91,38,112,4,0,Moderate
OP0024,Packaging,Day,Experienced,90,60,99,1,1,Low
OP0025,Cell Loading,Day,Intermediate,84,10,93,1,2,Moderate
OP0026,Cell Loading,Day,Experienced,91,36,122,2,0,Low
OP0027,Cell Loading,Night,New,79,1,138,2,3,Moderate
OP0028,Packaging,Day,Experienced,96,42,148,1,3,Low
OP0029,Equipment Setup,Night,New,64,6,94,3,3,High
OP0030,Equipment Setup,Day,Intermediate,83,11,95,2,1,Low
OP0031,Quality Inspection,Night,Intermediate,90,15,118,0,1,Low
OP0032,Packaging,Night,Intermediate,93,15,122,1,1,Low
OP0033,Cell Loading,Day,New,54,3,138,2,2,High
OP0034,Formation,Day,Experienced,81,39,86,2,2,Low
OP0035,Quality Inspection,Night,Experienced,79,53,137,4,1,Low
OP0036,Equipment Setup,Night,Experienced,93,42,149,5,3,Moderate
OP0037,Cell Loading,Day,Intermediate,76,19,133,0,1,Low
OP0038,Quality Inspection,Day,Experienced,94,44,133,0,0,Low
OP0039,Quality Inspection,Day,Intermediate,67,25,101,4,1,Low
OP0040,Formation,Day,Experienced,85,33,121,4,1,Moderate
OP0041,Quality Inspection,Night,Experienced,100,59,88,2,0,Moderate
OP0042,Cell Loading,Night,Experienced,84,38,94,1,1,Low
OP0043,Packaging,Night,Intermediate,71,15,118,4,0,Moderate
OP0044,Quality Inspection,Night,New,70,7,138,6,2,High
OP0045,Packaging,Night,Intermediate,86,17,137,2,3,Moderate
OP0046,Cell Loading,Night,New,65,4,81,2,2,High
OP0047,Equipment Setup,Day,Experienced,95,56,131,2,1,Low
OP0048,Equipment Setup,Night,Intermediate,81,23,120,6,1,Moderate
OP0049,Cell Loading,Night,Intermediate,80,18,102,2,3,Moderate
OP0050,Cell Loading,Night,New,64,0,86,5,3,High
OP0051,Quality Inspection,Day,Intermediate,81,10,90,3,2,Low
OP0052,Equipment Setup,Night,Intermediate,69,23,87,4,3,Moderate
OP0053,Cell Loading,Night,Experienced,79,35,137,2,0,Low
OP0054,Formation,Day,Experienced,91,37,114,1,1,Low
OP0055,Equipment Setup,Night,Intermediate,62,23,149,4,2,Moderate
OP0056,Formation,Day,Experienced,90,26,85,1,1,Low
OP0057,Packaging,Day,Experienced,84,52,124,0,1,Low
OP0058,Quality Inspection,Day,Intermediate,92,19,145,4,5,Moderate
OP0059,Formation,Day,Intermediate,78,24,150,4,3,Moderate
OP0060,Cell Loading,Day,Intermediate,88,9,94,6,5,High
OP0061,Packaging,Night,Intermediate,81,24,104,4,2,Moderate
OP0062,Quality Inspection,Night,Experienced,82,57,142,4,2,Moderate
OP0063,Equipment Setup,Night,Intermediate,84,19,109,5,2,Low
OP0064,Cell Loading,Night,Experienced,86,33,136,3,2,Low
OP0065,Cell Loading,Day,Intermediate,71,17,122,5,1,Low
OP0066,Equipment Setup,Day,Experienced,100,40,91,0,2,Low
OP0067,Quality Inspection,Day,Experienced,89,22,98,2,2,Low
OP0068,Quality Inspection,Day,Intermediate,83,13,81,1,0,Low
OP0069,Formation,Night,Experienced,81,44,105,6,3,Moderate
OP0070,Packaging,Day,Experienced,90,50,86,0,0,Low
OP0071,Cell Loading,Night,New,58,3,92,7,2,High
OP0072,Formation,Night,Intermediate,84,22,126,0,2,Low
OP0073,Quality Inspection,Night,Experienced,84,46,130,5,2,Moderate
OP0074,Quality Inspection,Night,Experienced,87,41,83,3,3,Moderate
OP0075,Formation,Night,Experienced,91,44,118,3,1,Low
OP0076,Equipment Setup,Night,Intermediate,80,13,115,1,0,Low
OP0077,Packaging,Day,Experienced,96,48,130,0,3,Low
OP0078,Equipment Setup,Day,New,68,5,88,6,3,High
OP0079,Cell Loading,Night,Experienced,100,25,112,2,1,Low
OP0080,Equipment Setup,Night,New,67,4,140,4,2,High
OP0081,Cell Loading,Day,Experienced,86,58,141,3,0,Low
OP0082,Packaging,Day,New,56,4,128,2,0,Moderate
OP0083,Formation,Day,Experienced,93,60,109,0,1,Low
OP0084,Packaging,Night,Experienced,81,55,127,2,0,Low
OP0085,Packaging,Day,Intermediate,68,22,119,0,1,Low
OP0086,Equipment Setup,Night,New,66,4,83,0,0,Moderate
OP0087,Packaging,Night,Intermediate,70,14,83,4,3,Moderate
OP0088,Packaging,Day,Experienced,87,34,114,0,0,Low
OP0089,Cell Loading,Day,Intermediate,72,12,119,4,3,Moderate
OP0090,Cell Loading,Night,Intermediate,82,14,109,4,3,Low
OP0091,Formation,Night,New,54,1,117,5,3,High
OP0092,Packaging,Day,Intermediate,65,12,130,1,1,Low
OP0093,Formation,Day,Intermediate,76,15,98,3,2,Low
OP0094,Cell Loading,Night,Intermediate,62,23,121,0,0,Low
OP0095,Quality Inspection,Night,Experienced,99,28,87,1,2,Low
OP0096,Quality Inspection,Night,Intermediate,73,10,140,1,2,Low
OP0097,Packaging,Day,Intermediate,91,17,100,0,2,Moderate
OP0098,Packaging,Day,Intermediate,66,21,99,0,0,Low
OP0099,Quality Inspection,Day,Intermediate,73,11,96,0,0,Low
OP0100,Quality Inspection,Night,New,55,4,104,7,4,High
OP0101,Formation,Day,Experienced,93,33,101,2,1,Low
OP0102,Quality Inspection,Day,Intermediate,58,18,104,0,3,Low
OP0103,Packaging,Night,Intermediate,81,22,112,4,3,Moderate
OP0104,Formation,Night,New,61,2,108,6,6,High
OP0105,Quality Inspection,Night,New,88,1,98,4,4,High
OP0106,Quality Inspection,Day,Experienced,85,26,147,0,0,Low
OP0107,Cell Loading,Night,Experienced,86,54,82,1,0,Low
OP0108,Equipment Setup,Night,New,70,1,144,5,3,High
OP0109,Formation,Night,Experienced,86,41,93,3,0,Low
OP0110,Cell Loading,Night,Experienced,95,55,138,3,2,Moderate
OP0111,Packaging,Night,Intermediate,76,24,86,3,1,Low
OP0112,Quality Inspection,Night,Experienced,100,56,90,1,2,Low
OP0113,Equipment Setup,Night,Intermediate,77,11,101,3,1,Moderate
OP0114,Packaging,Day,New,64,6,83,1,0,Moderate
OP0115,Packaging,Night,Intermediate,62,10,136,3,0,Low
OP0116,Formation,Day,Experienced,97,56,113,2,2,Moderate
OP0117,Quality Inspection,Day,New,75,1,91,5,1,Moderate
OP0118,Packaging,Night,Experienced,73,36,97,7,2,Moderate
OP0119,Quality Inspection,Day,Experienced,80,30,141,0,0,Low
OP0120,Quality Inspection,Night,Experienced,94,47,96,1,1,Low
OP0121,Cell Loading,Night,New,75,5,116,4,2,Moderate
OP0122,Equipment Setup,Day,Intermediate,77,14,123,3,0,Moderate
OP0123,Equipment Setup,Night,Experienced,100,51,117,2,1,Low
OP0124,Formation,Day,Intermediate,70,24,120,4,5,Moderate
OP0125,Packaging,Day,Intermediate,76,23,86,1,2,Low
OP0126,Packaging,Night,New,77,2,143,4,3,Moderate
OP0127,Cell Loading,Night,New,73,4,116,0,0,Moderate
OP0128,Packaging,Day,Intermediate,69,15,137,4,2,High
OP0129,Formation,Day,Experienced,99,50,126,2,0,Low
OP0130,Packaging,Night,Intermediate,80,13,120,5,4,Moderate
OP0131,Packaging,Night,Experienced,96,44,133,0,0,Low
OP0132,Equipment Setup,Day,Experienced,83,55,128,1,1,Low
OP0133,Formation,Day,New,65,5,144,4,0,Moderate
OP0134,Cell Loading,Night,Experienced,86,55,148,2,0,Low
OP0135,Packaging,Night,New,68,3,116,2,0,Low
OP0136,Packaging,Night,New,70,8,98,0,0,Moderate
OP0137,Quality Inspection,Night,Experienced,64,38,97,5,4,High
OP0138,Cell Loading,Day,New,79,5,80,5,4,High
OP0139,Quality Inspection,Night,Experienced,71,43,109,0,0,Low
OP0140,Cell Loading,Day,Experienced,87,50,117,5,5,Moderate
OP0141,Packaging,Night,Intermediate,88,24,104,3,1,Moderate
OP0142,Packaging,Day,New,56,6,92,3,2,High
OP0143,Packaging,Night,New,69,4,113,1,0,Moderate
OP0144,Equipment Setup,Night,Experienced,92,43,99,4,4,Moderate
OP0145,Quality Inspection,Day,Experienced,79,30,94,4,3,Low
OP0146,Equipment Setup,Night,New,67,3,87,6,2,Low
OP0147,Packaging,Day,Intermediate,78,9,124,1,0,Low
OP0148,Packaging,Night,New,46,2,137,6,5,High
OP0149,Equipment Setup,Day,Experienced,97,47,96,2,0,Low
OP0150,Equipment Setup,Night,Intermediate,80,16,94,5,2,Moderate
OP0151,Formation,Day,New,57,1,86,4,2,High
OP0152,Cell Loading,Night,New,64,5,146,8,3,High
OP0153,Cell Loading,Night,Intermediate,87,10,120,2,0,Low
OP0154,Cell Loading,Night,Experienced,91,34,147,0,0,Low
OP0155,Quality Inspection,Night,New,63,3,89,5,5,High
OP0156,Packaging,Night,Experienced,84,25,141,2,1,Low
OP0157,Cell Loading,Night,Experienced,79,49,145,4,2,Low
OP0158,Cell Loading,Night,Intermediate,64,10,150,3,1,Moderate
OP0159,Packaging,Day,Intermediate,68,16,112,2,0,Low
OP0160,Packaging,Day,New,62,8,87,2,1,Moderate
OP0161,Formation,Day,Intermediate,86,16,138,1,2,Low
OP0162,Formation,Night,New,59,8,135,5,4,High
OP0163,Cell Loading,Day,New,63,8,90,3,3,High
OP0164,Formation,Day,New,65,6,101,4,2,Moderate
OP0165,Formation,Day,New,79,7,115,5,1,Moderate
OP0166,Equipment Setup,Day,Experienced,84,50,129,5,2,Moderate
OP0167,Formation,Night,New,78,6,130,6,3,High
OP0168,Equipment Setup,Night,Intermediate,65,21,89,5,4,High
OP0169,Quality Inspection,Night,Intermediate,68,11,96,4,3,Moderate
OP0170,Equipment Setup,Day,Intermediate,83,19,90,3,0,Low
OP0171,Equipment Setup,Day,Experienced,88,35,88,4,3,Moderate
OP0172,Quality Inspection,Day,Intermediate,75,13,128,2,1,Low
OP0173,Equipment Setup,Day,Intermediate,87,15,120,2,3,Low
OP0174,Quality Inspection,Night,New,64,3,83,7,3,High
OP0175,Packaging,Day,Experienced,95,51,112,0,0,Low
OP0176,Quality Inspection,Night,Intermediate,82,20,93,0,0,Low
OP0177,Formation,Night,Experienced,85,46,108,1,1,Low
OP0178,Equipment Setup,Day,Intermediate,74,9,90,7,4,High
OP0179,Quality Inspection,Day,Intermediate,69,20,120,3,2,Moderate
OP0180,Cell Loading,Day,Intermediate,78,14,131,3,2,Moderate
OP0181,Equipment Setup,Day,Intermediate,76,22,88,0,0,Low
OP0182,Quality Inspection,Night,Intermediate,80,21,102,4,2,Low
OP0183,Formation,Day,Intermediate,90,16,145,1,2,Low
OP0184,Cell Loading,Day,Intermediate,87,13,125,0,0,Low
OP0185,Equipment Setup,Night,Intermediate,83,24,83,4,1,Moderate
OP0186,Equipment Setup,Night,Intermediate,86,12,126,0,1,Low
OP0187,Cell Loading,Night,New,77,3,91,0,2,Moderate
OP0188,Packaging,Night,New,85,2,148,1,0,Low
OP0189,Packaging,Night,Experienced,82,57,87,5,2,Moderate
OP0190,Cell Loading,Night,Intermediate,68,17,91,4,2,Low
OP0191,Quality Inspection,Night,Intermediate,78,9,125,4,0,Moderate
OP0192,Packaging,Night,Intermediate,76,13,86,0,0,High
OP0193,Cell Loading,Night,Intermediate,75,22,100,5,0,Low
OP0194,Cell Loading,Day,Intermediate,83,18,91,0,1,Low
OP0195,Cell Loading,Night,New,77,5,141,5,4,High
OP0196,Cell Loading,Night,Experienced,96,33,101,3,1,Low
OP0197,Quality Inspection,Night,Experienced,89,30,124,4,2,Moderate
OP0198,Equipment Setup,Night,Experienced,91,26,104,5,4,Moderate
OP0199,Cell Loading,Night,Intermediate,69,16,126,4,3,Moderate
OP0200,Quality Inspection,Day,New,66,0,130,3,1,Moderate
OP0201,Quality Inspection,Day,Experienced,90,59,145,6,1,Low
OP0202,Formation,Night,Experienced,100,40,87,2,1,Low
OP0203,Cell Loading,Day,New,67,5,101,1,2,Moderate
OP0204,Packaging,Night,Intermediate,70,11,145,1,0,Low
OP0205,Packaging,Day,Experienced,85,32,81,1,2,Low
OP0206,Equipment Setup,Night,New,84,3,127,5,2,High
OP0207,Equipment Setup,Day,Experienced,94,29,119,1,2,Low
OP0208,Equipment Setup,Day,Intermediate,92,24,149,0,0,Low
OP0209,Cell Loading,Night,Experienced,99,25,93,4,5,High
OP0210,Packaging,Day,New,58,3,127,3,2,Moderate
OP0211,Quality Inspection,Day,Intermediate,86,10,113,5,0,Low
OP0212,Cell Loading,Day,Experienced,79,33,101,1,0,Low
OP0213,Cell Loading,Night,Intermediate,95,17,85,3,4,Moderate
OP0214,Formation,Night,Intermediate,50,16,92,3,2,High
OP0215,Cell Loading,Day,New,57,6,113,5,3,High
OP0216,Formation,Night,New,73,7,143,5,2,Moderate
OP0217,Cell Loading,Night,Intermediate,67,12,141,4,2,Moderate
OP0218,Equipment Setup,Day,Experienced,100,47,144,1,1,Low
OP0219,Formation,Night,New,60,7,92,5,4,High
OP0220,Cell Loading,Night,Intermediate,60,14,125,6,6,High
OP0221,Equipment Setup,Day,Intermediate,82,15,149,2,2,Low
OP0222,Formation,Night,Experienced,91,37,121,0,1,Low
OP0223,Formation,Night,Experienced,77,48,118,1,4,Low
OP0224,Packaging,Day,Experienced,98,60,108,0,0,Low
OP0225,Packaging,Day,New,77,0,84,3,3,Moderate
OP0226,Quality Inspection,Day,Intermediate,74,11,91,2,0,Low
OP0227,Formation,Night,New,67,1,129,2,1,Moderate
OP0228,Quality Inspection,Day,Experienced,100,39,117,3,1,Low
OP0229,Quality Inspection,Day,Experienced,96,60,141,1,0,Moderate
OP0230,Cell Loading,Night,Experienced,80,59,130,3,2,Low
OP0231,Quality Inspection,Day,Intermediate,85,24,117,4,1,Low
OP0232,Packaging,Day,Experienced,80,49,137,0,0,Low
OP0233,Equipment Setup,Day,New,66,1,109,1,0,Moderate
OP0234,Quality Inspection,Day,Intermediate,85,11,146,2,1,Low
OP0235,Quality Inspection,Day,Experienced,89,35,134,4,3,Moderate
OP0236,Packaging,Day,New,63,8,138,5,5,High
OP0237,Quality Inspection,Day,Intermediate,56,13,92,5,1,Moderate
OP0238,Quality Inspection,Night,Intermediate,90,24,98,3,1,Low
OP0239,Packaging,Day,New,70,7,118,1,3,Moderate
OP0240,Packaging,Night,Experienced,62,45,136,2,2,Low
OP0241,Packaging,Day,Intermediate,75,14,147,2,1,Low
OP0242,Quality Inspection,Day,Experienced,75,37,95,0,0,Low
OP0243,Quality Inspection,Night,Intermediate,72,17,86,4,4,High
OP0244,Packaging,Night,Intermediate,67,9,81,0,0,Low
OP0245,Packaging,Night,Experienced,88,47,130,2,2,Moderate
OP0246,Equipment Setup,Night,Intermediate,78,12,115,3,1,Low
OP0247,Cell Loading,Day,Experienced,78,50,143,3,1,Low
OP0248,Equipment Setup,Day,Intermediate,80,16,125,2,3,Low
OP0249,Cell Loading,Night,New,62,2,122,4,1,High
OP0250,Packaging,Night,Intermediate,74,23,89,3,2,Moderate
OP0251,Equipment Setup,Night,Intermediate,82,13,138,6,5,High
OP0252,Packaging,Day,New,74,4,100,0,0,Low
OP0253,Quality Inspection,Night,Intermediate,84,24,81,5,2,Moderate
OP0254,Cell Loading,Night,Intermediate,76,12,85,3,1,Moderate
OP0255,Packaging,Night,Experienced,92,33,101,5,2,Moderate
OP0256,Formation,Day,New,80,0,86,1,1,Moderate
OP0257,Formation,Day,Intermediate,85,21,106,2,0,Low
OP0258,Equipment Setup,Day,Intermediate,67,12,93,2,0,Low
OP0259,Cell Loading,Night,Experienced,64,43,122,3,2,Moderate
OP0260,Formation,Day,Experienced,94,31,117,1,3,Low
OP0261,Packaging,Night,Experienced,100,45,81,3,0,Low
OP0262,Formation,Night,Experienced,95,36,129,2,0,Low
OP0263,Cell Loading,Day,New,70,0,141,4,0,High
OP0264,Cell Loading,Night,Experienced,93,32,120,2,2,Low
OP0265,Equipment Setup,Day,Experienced,79,46,135,2,1,Low
OP0266,Equipment Setup,Day,New,58,2,101,5,1,High
OP0267,Formation,Day,Intermediate,84,21,137,5,3,Low
OP0268,Formation,Day,Experienced,82,44,138,1,0,Low
OP0269,Quality Inspection,Night,Intermediate,76,24,108,4,3,Moderate
OP0270,Formation,Day,Experienced,76,56,93,0,0,Low
OP0271,Cell Loading,Night,Experienced,93,37,95,2,0,Low
OP0272,Equipment Setup,Day,Intermediate,75,22,102,3,3,Moderate
OP0273,Equipment Setup,Night,Intermediate,65,21,115,2,2,Moderate
OP0274,Equipment Setup,Night,Experienced,78,60,117,2,2,Low
OP0275,Cell Loading,Night,Experienced,62,47,148,2,4,Moderate
OP0276,Formation,Day,Intermediate,79,14,87,2,1,High
OP0277,Formation,Day,Experienced,72,60,116,2,1,Low
OP0278,Equipment Setup,Day,New,81,4,136,1,3,Moderate
OP0279,Equipment Setup,Day,Experienced,98,37,103,5,2,Moderate
OP0280,Cell Loading,Night,New,77,7,86,5,2,Moderate
OP0281,Equipment Setup,Night,New,75,5,100,2,2,Moderate
OP0282,Packaging,Night,New,75,8,81,0,0,Low
OP0283,Equipment Setup,Day,Experienced,88,45,112,1,1,Low
OP0284,Quality Inspection,Night,New,63,3,148,4,2,High
OP0285,Cell Loading,Night,Experienced,70,38,89,2,1,Moderate
OP0286,Equipment Setup,Day,Intermediate,80,16,131,4,4,Moderate
OP0287,Equipment Setup,Day,Experienced,100,27,93,2,3,Low
OP0288,Formation,Night,New,88,3,117,1,2,Moderate
OP0289,Packaging,Day,Intermediate,92,13,148,1,0,Low
OP0290,Equipment Setup,Day,New,55,3,86,6,8,High
OP0291,Equipment Setup,Day,Intermediate,88,11,122,2,3,Moderate
OP0292,Quality Inspection,Night,Intermediate,79,18,120,2,2,Moderate
OP0293,Quality Inspection,Night,Experienced,83,33,125,2,0,Low
OP0294,Cell Loading,Day,Intermediate,82,11,83,0,0,Low
OP0295,Formation,Night,Intermediate,83,24,117,5,3,Moderate
OP0296,Equipment Setup,Day,Experienced,92,33,98,6,3,Moderate
OP0297,Quality Inspection,Day,New,61,5,126,1,2,High
OP0298,Equipment Setup,Night,Experienced,89,41,126,6,4,Moderate
OP0299,Cell Loading,Night,Intermediate,64,20,97,2,2,Moderate
OP0300,Equipment Setup,Day,Experienced,92,51,141,0,0,Low
OP0301,Cell Loading,Day,New,49,2,98,5,2,High
OP0302,Formation,Night,Experienced,83,38,132,2,2,Low
OP0303,Equipment Setup,Night,New,62,5,129,5,3,High
OP0304,Equipment Setup,Day,New,57,0,91,4,4,High
OP0305,Quality Inspection,Night,Intermediate,61,10,128,1,3,Moderate
OP0306,Packaging,Night,Experienced,72,30,80,2,1,Low
OP0307,Packaging,Night,Intermediate,69,13,134,0,0,Low
OP0308,Equipment Setup,Night,New,75,8,130,4,4,Moderate
OP0309,Quality Inspection,Day,New,66,8,86,5,4,High
OP0310,Quality Inspection,Day,New,68,3,131,1,0,Low
OP0311,Cell Loading,Night,Intermediate,87,15,84,3,1,Low
OP0312,Formation,Day,New,58,4,105,6,3,High
OP0313,Packaging,Night,Intermediate,86,17,80,2,2,Moderate
OP0314,Equipment Setup,Night,Experienced,83,41,123,2,1,Low
OP0315,Formation,Night,New,68,1,120,3,2,High
OP0316,Quality Inspection,Night,New,61,2,103,6,3,High
OP0317,Cell Loading,Day,Experienced,92,41,125,2,2,Low
OP0318,Equipment Setup,Day,Experienced,67,48,115,3,5,Moderate
OP0319,Cell Loading,Day,New,58,6,130,6,1,High
OP0320,Formation,Day,Experienced,93,49,113,4,2,Moderate
OP0321,Packaging,Night,New,60,6,115,2,2,Moderate
OP0322,Cell Loading,Night,Experienced,72,37,133,2,4,Moderate
OP0323,Packaging,Night,Intermediate,76,10,140,3,2,Moderate
OP0324,Packaging,Night,New,74,1,148,5,2,Moderate
OP0325,Quality Inspection,Night,Experienced,67,49,123,0,1,Low
OP0326,Packaging,Night,Experienced,83,42,126,4,1,Low
OP0327,Formation,Day,Experienced,86,41,101,2,2,Low
OP0328,Equipment Setup,Day,New,73,2,109,3,1,High
OP0329,Cell Loading,Day,New,67,5,149,5,1,High
OP0330,Quality Inspection,Night,Intermediate,68,18,136,2,1,High
OP0331,Cell Loading,Night,Intermediate,63,9,81,4,0,Moderate
OP0332,Equipment Setup,Night,Intermediate,67,14,90,2,2,Moderate
OP0333,Packaging,Night,Experienced,75,59,97,1,2,Low
OP0334,Formation,Day,New,81,5,136,5,3,High
OP0335,Packaging,Night,Intermediate,63,24,90,5,0,Moderate
OP0336,Cell Loading,Night,Experienced,78,25,111,6,5,High
OP0337,Equipment Setup,Day,Intermediate,92,18,150,2,1,Low
OP0338,Cell Loading,Day,New,88,6,95,4,2,High
OP0339,Quality Inspection,Day,Intermediate,66,11,123,8,3,High
OP0340,Formation,Day,Intermediate,86,19,136,0,1,Low
OP0341,Packaging,Day,Intermediate,69,23,103,0,0,Low
OP0342,Cell Loading,Day,Intermediate,71,23,80,4,1,Low
OP0343,Equipment Setup,Night,Experienced,100,40,104,1,1,Low
OP0344,Formation,Day,Intermediate,75,9,93,3,3,Moderate
OP0345,Quality Inspection,Night,New,90,3,142,6,2,Moderate
OP0346,Quality Inspection,Night,Experienced,74,28,118,2,1,Low
OP0347,Cell Loading,Night,New,42,8,133,4,0,High
OP0348,Formation,Day,Experienced,75,60,136,3,3,Low
OP0349,Packaging,Night,Experienced,83,52,107,0,1,Low
OP0350,Formation,Day,Experienced,99,26,118,2,2,Low
OP0351,Packaging,Day,New,77,7,111,3,3,Low
OP0352,Packaging,Night,New,84,1,128,4,4,High
OP0353,Quality Inspection,Night,Experienced,90,32,81,0,0,Low
OP0354,Packaging,Day,New,68,6,91,0,0,Moderate
OP0355,Formation,Night,Intermediate,79,10,96,3,0,Low
OP0356,Equipment Setup,Day,New,73,4,91,8,3,High
OP0357,Packaging,Day,Experienced,62,35,136,1,0,Low
OP0358,Formation,Day,Experienced,100,40,116,0,0,Low
OP0359,Formation,Night,New,50,8,141,1,0,Moderate
OP0360,Equipment Setup,Day,Intermediate,73,10,86,1,1,Low
OP0361,Packaging,Day,New,57,6,92,5,2,High
OP0362,Equipment Setup,Day,New,67,8,82,4,1,High
OP0363,Equipment Setup,Night,Experienced,97,41,115,3,3,Moderate
OP0364,Equipment Setup,Day,Intermediate,89,13,137,5,3,Moderate
OP0365,Cell Loading,Day,Intermediate,90,13,100,1,2,Low
OP0366,Formation,Night,Experienced,84,51,115,4,2,High
OP0367,Equipment Setup,Night,Experienced,89,39,141,6,5,High
OP0368,Quality Inspection,Day,New,71,0,108,1,3,Moderate
OP0369,Quality Inspection,Night,Experienced,72,54,128,2,0,Low
OP0370,Formation,Day,Intermediate,75,10,85,5,1,Low
OP0371,Quality Inspection,Night,Experienced,79,43,146,4,2,Moderate
OP0372,Equipment Setup,Day,Intermediate,88,19,105,5,5,High
OP0373,Cell Loading,Day,New,83,7,145,2,1,Moderate
OP0374,Cell Loading,Day,Experienced,92,36,137,2,2,Moderate
OP0375,Formation,Night,New,65,7,110,5,4,Low
OP0376,Packaging,Day,New,72,2,84,3,2,Moderate
OP0377,Formation,Day,Intermediate,81,14,102,6,2,Moderate
OP0378,Quality Inspection,Day,Experienced,89,60,115,2,0,Low
OP0379,Formation,Day,Intermediate,66,11,116,0,1,Low
OP0380,Equipment Setup,Night,Intermediate,75,24,117,3,3,Moderate
OP0381,Formation,Day,Experienced,85,51,107,4,2,Moderate
OP0382,Packaging,Day,New,61,5,83,1,1,High
OP0383,Quality Inspection,Night,Experienced,66,33,122,0,1,Low
OP0384,Packaging,Day,New,75,5,99,2,4,Moderate
OP0385,Cell Loading,Night,New,62,1,84,4,3,High
OP0386,Equipment Setup,Night,New,83,5,83,3,3,Moderate
OP0387,Quality Inspection,Night,Experienced,100,34,96,2,1,Low
OP0388,Formation,Day,Intermediate,78,10,82,0,0,Low
OP0389,Cell Loading,Night,Intermediate,74,19,115,6,5,High
OP0390,Packaging,Day,Experienced,96,43,123,2,1,Low
OP0391,Formation,Day,Intermediate,89,11,137,2,1,Low
OP0392,Quality Inspection,Day,New,54,7,139,6,4,High
OP0393,Packaging,Night,Intermediate,85,19,88,1,1,Low
OP0394,Cell Loading,Day,Intermediate,91,12,148,0,0,Low
OP0395,Cell Loading,Night,Intermediate,71,19,123,2,1,Moderate
OP0396,Quality Inspection,Day,Intermediate,93,23,119,3,3,Moderate
OP0397,Quality Inspection,Night,Intermediate,82,10,98,1,0,Low
OP0398,Packaging,Night,Intermediate,69,18,91,0,0,Low
OP0399,Packaging,Day,Intermediate,81,14,116,3,1,Low
OP0400,Quality Inspection,Night,Intermediate,79,14,126,1,3,Moderate
OP0401,Cell Loading,Day,New,76,0,97,5,3,Moderate
OP0402,Quality Inspection,Day,Intermediate,81,22,103,3,3,Moderate
OP0403,Equipment Setup,Night,Intermediate,65,16,141,4,3,Moderate
OP0404,Packaging,Night,Intermediate,75,11,119,0,1,Moderate
OP0405,Quality Inspection,Night,Intermediate,99,18,113,4,2,High
OP0406,Equipment Setup,Day,Intermediate,94,11,112,4,2,Low
OP0407,Cell Loading,Day,Experienced,92,48,142,3,2,Moderate
OP0408,Cell Loading,Night,Experienced,82,51,101,0,0,Low
OP0409,Formation,Day,New,48,6,148,5,4,High
OP0410,Packaging,Night,Intermediate,94,19,125,3,0,Low
OP0411,Packaging,Night,Intermediate,68,12,104,0,0,Moderate
OP0412,Quality Inspection,Day,Intermediate,81,23,84,1,3,Moderate
OP0413,Cell Loading,Day,Experienced,79,32,103,4,1,Low
OP0414,Packaging,Night,Experienced,92,45,129,2,4,Moderate
OP0415,Quality Inspection,Day,Intermediate,88,15,98,0,0,Low
OP0416,Formation,Day,New,78,4,80,4,2,Moderate
OP0417,Quality Inspection,Day,Intermediate,71,24,88,2,1,Low
OP0418,Packaging,Night,Experienced,75,50,123,4,0,Low
OP0419,Cell Loading,Day,Experienced,86,37,125,0,0,High
OP0420,Cell Loading,Night,Intermediate,80,18,123,3,1,Low
OP0421,Equipment Setup,Night,Experienced,67,59,98,3,3,Moderate
OP0422,Formation,Day,Experienced,86,44,88,4,4,Moderate
OP0423,Cell Loading,Day,Experienced,92,52,131,0,3,Low
OP0424,Formation,Day,Intermediate,93,12,127,1,0,Moderate
OP0425,Equipment Setup,Night,Experienced,89,26,116,0,2,Low
OP0426,Equipment Setup,Night,Intermediate,70,14,91,2,2,Moderate
OP0427,Formation,Day,Experienced,77,59,106,2,2,Low
OP0428,Cell Loading,Day,Experienced,65,27,112,3,2,Moderate
OP0429,Equipment Setup,Day,New,87,0,136,3,1,Moderate
OP0430,Packaging,Day,New,60,6,140,4,3,High
OP0431,Equipment Setup,Night,New,61,5,105,5,4,High
OP0432,Quality Inspection,Day,Experienced,88,39,101,0,0,Low
OP0433,Equipment Setup,Night,Experienced,87,38,111,3,3,High
OP0434,Formation,Night,Experienced,78,27,141,3,2,Low
OP0435,Formation,Day,Experienced,95,51,91,5,2,Low
OP0436,Quality Inspection,Night,Experienced,86,50,80,0,2,Low
OP0437,Formation,Night,Intermediate,67,17,90,2,1,Low
OP0438,Formation,Day,Intermediate,77,23,88,4,2,Low
OP0439,Equipment Setup,Day,Experienced,86,38,114,1,1,Low
OP0440,Formation,Night,Experienced,88,59,88,1,1,Low
OP0441,Cell Loading,Night,Experienced,88,29,99,4,1,Low
OP0442,Cell Loading,Night,Intermediate,100,23,109,3,1,Low
OP0443,Packaging,Night,Intermediate,57,23,101,3,1,Moderate
OP0444,Packaging,Night,Experienced,100,35,99,3,4,High
OP0445,Quality Inspection,Night,Intermediate,87,15,98,1,2,Low
OP0446,Quality Inspection,Day,Experienced,100,45,144,1,0,Low
OP0447,Equipment Setup,Day,Experienced,98,53,85,4,3,Low
OP0448,Formation,Night,New,79,3,105,1,0,Low
OP0449,Formation,Night,New,64,5,130,7,5,High
OP0450,Quality Inspection,Day,New,71,7,100,4,4,High
OP0451,Cell Loading,Day,New,80,4,88,5,2,High
OP0452,Cell Loading,Night,Experienced,85,33,118,4,2,Moderate
OP0453,Formation,Day,New,71,4,116,2,2,Moderate
OP0454,Formation,Night,Intermediate,87,22,127,3,0,Low
OP0455,Formation,Day,Intermediate,89,13,125,4,3,Moderate
OP0456,Formation,Day,Intermediate,82,19,126,1,0,Moderate
OP0457,Packaging,Night,Intermediate,85,14,147,4,1,Moderate
OP0458,Formation,Day,Experienced,78,55,136,1,0,Low
OP0459,Packaging,Day,Experienced,90,32,109,1,1,Low
OP0460,Formation,Night,Experienced,96,27,87,0,0,Low
OP0461,Formation,Day,Experienced,96,38,83,5,5,High
OP0462,Equipment Setup,Day,Intermediate,77,11,107,3,3,Moderate
OP0463,Formation,Day,Experienced,75,57,103,0,1,Low
OP0464,Cell Loading,Night,New,73,5,126,3,2,Moderate
OP0465,Formation,Night,Intermediate,78,18,117,5,3,High
OP0466,Packaging,Day,New,56,7,90,5,0,High
OP0467,Cell Loading,Day,Intermediate,52,15,95,3,3,High
OP0468,Quality Inspection,Night,Intermediate,60,21,93,6,2,High
OP0469,Formation,Day,Experienced,94,29,121,4,3,Moderate
OP0470,Quality Inspection,Day,Intermediate,87,24,149,4,2,Low
OP0471,Formation,Night,Intermediate,83,21,101,2,1,Low
OP0472,Equipment Setup,Night,Intermediate,77,14,128,6,2,High
OP0473,Formation,Day,New,68,5,123,2,2,Moderate
OP0474,Cell Loading,Night,Intermediate,82,11,121,3,1,Low
OP0475,Quality Inspection,Night,New,75,7,121,0,0,Low
OP0476,Packaging,Day,Experienced,82,48,89,4,2,High
OP0477,Quality Inspection,Day,Experienced,75,30,114,5,3,Moderate
OP0478,Packaging,Night,Intermediate,93,19,150,4,4,Moderate
OP0479,Equipment Setup,Night,New,51,7,87,4,2,High
OP0480,Quality Inspection,Night,Intermediate,88,11,100,4,1,Low
OP0481,Cell Loading,Day,New,59,4,84,4,2,High
OP0482,Formation,Night,Experienced,80,28,88,4,2,Moderate
OP0483,Formation,Night,Experienced,76,33,146,2,0,Low
OP0484,Equipment Setup,Day,Experienced,83,45,110,2,2,Low
OP0485,Packaging,Night,Intermediate,68,10,149,0,1,Moderate
OP0486,Packaging,Night,New,52,0,110,1,0,High
OP0487,Formation,Day,Experienced,100,51,118,5,3,Moderate
OP0488,Packaging,Night,Experienced,100,42,122,2,3,Low
OP0489,Packaging,Day,Intermediate,83,19,103,0,0,Low
OP0490,Formation,Day,New,76,8,96,1,0,Low
OP0491,Quality Inspection,Day,Intermediate,86,19,103,1,1,Moderate
OP0492,Equipment Setup,Day,Experienced,86,54,131,2,1,Low
OP0493,Cell Loading,Day,New,76,8,143,5,3,High
OP0494,Quality Inspection,Night,New,55,3,103,3,2,High
OP0495,Equipment Setup,Night,Experienced,82,48,97,7,2,Moderate
OP0496,Equipment Setup,Night,New,79,8,125,4,6,High
OP0497,Formation,Day,Intermediate,75,21,85,2,1,Moderate
OP0498,Packaging,Night,New,52,1,115,4,4,High
OP0499,Equipment Setup,Night,Intermediate,76,22,136,5,3,High
OP0500,Quality Inspection,Day,Experienced,94,57,138,1,2,Low
OP0501,Formation,Day,Experienced,82,36,107,0,0,Low
OP0502,Quality Inspection,Day,Experienced,86,26,127,2,3,Low
OP0503,Formation,Night,Experienced,99,55,122,5,3,Moderate
OP0504,Equipment Setup,Day,New,81,0,89,7,4,High
OP0505,Cell Loading,Night,New,67,3,95,3,4,High
OP0506,Packaging,Day,Experienced,76,57,114,2,0,Low
OP0507,Equipment Setup,Day,Intermediate,55,22,108,2,0,Low
OP0508,Quality Inspection,Night,New,65,7,111,2,1,Moderate
OP0509,Formation,Day,Intermediate,71,22,112,1,2,Moderate
OP0510,Cell Loading,Night,New,67,6,137,6,3,High
OP0511,Cell Loading,Day,New,80,4,80,3,2,Moderate
OP0512,Equipment Setup,Night,Intermediate,79,20,97,3,2,Moderate
OP0513,Formation,Day,Intermediate,70,13,148,3,2,Moderate
OP0514,Cell Loading,Night,Experienced,84,58,130,4,3,Moderate
OP0515,Quality Inspection,Night,Experienced,94,60,142,2,1,Low
OP0516,Quality Inspection,Night,New,63,5,104,4,1,High
OP0517,Packaging,Night,New,62,4,140,5,1,High
OP0518,Cell Loading,Day,New,76,7,118,6,0,Low
OP0519,Packaging,Night,Experienced,90,36,123,0,1,Low
OP0520,Packaging,Day,Experienced,98,60,145,3,2,Low
OP0521,Quality Inspection,Day,Experienced,92,31,95,4,0,Low
OP0522,Formation,Day,Experienced,98,46,133,3,4,Moderate
OP0523,Packaging,Day,New,60,5,111,5,4,High
OP0524,Quality Inspection,Night,Experienced,100,58,81,1,0,Low
OP0525,Quality Inspection,Day,Intermediate,69,21,87,7,4,High
OP0526,Equipment Setup,Night,Experienced,74,45,98,0,0,Low
OP0527,Equipment Setup,Night,Experienced,86,50,122,1,2,Low
OP0528,Equipment Setup,Night,Intermediate,75,18,118,7,5,Low
OP0529,Equipment Setup,Night,New,66,1,110,6,0,High
OP0530,Equipment Setup,Day,Intermediate,74,18,97,1,0,Low
OP0531,Equipment Setup,Day,Experienced,97,48,132,3,3,Low
OP0532,Equipment Setup,Night,Intermediate,74,21,136,4,5,Moderate
OP0533,Cell Loading,Day,Intermediate,93,24,147,3,2,Low
OP0534,Formation,Night,New,46,5,119,5,3,High
OP0535,Cell Loading,Night,New,75,4,80,5,4,High
OP0536,Packaging,Night,Intermediate,79,13,137,0,0,Low
OP0537,Equipment Setup,Night,Intermediate,91,21,115,1,0,Low
OP0538,Equipment Setup,Day,Experienced,78,30,86,1,0,Low
OP0539,Formation,Day,Experienced,100,59,111,4,0,Low
OP0540,Equipment Setup,Day,Intermediate,86,9,147,4,2,Moderate
OP0541,Cell Loading,Night,New,87,4,87,2,0,Moderate
OP0542,Quality Inspection,Night,Intermediate,82,12,143,0,0,Low
OP0543,Packaging,Night,Intermediate,76,11,114,0,0,Low
OP0544,Equipment Setup,Night,Intermediate,60,15,111,8,3,High
OP0545,Formation,Night,Experienced,88,43,114,0,0,Low
OP0546,Equipment Setup,Night,New,81,8,97,6,7,High
OP0547,Equipment Setup,Night,Experienced,99,46,111,2,1,Moderate
OP0548,Cell Loading,Day,Experienced,85,25,142,0,0,Low
OP0549,Formation,Day,Experienced,82,53,125,0,1,Low
OP0550,Cell Loading,Night,New,69,0,118,7,5,High
OP0551,Formation,Night,Intermediate,84,17,143,4,3,Moderate
OP0552,Equipment Setup,Day,Experienced,75,33,146,2,1,High
OP0553,Equipment Setup,Night,Experienced,68,56,121,0,2,Low
OP0554,Formation,Day,New,59,6,122,6,2,High
OP0555,Quality Inspection,Day,Experienced,87,37,92,4,2,Moderate
OP0556,Cell Loading,Day,Intermediate,62,19,110,1,1,Low
OP0557,Quality Inspection,Day,New,59,0,88,4,2,High
OP0558,Formation,Day,Intermediate,81,18,132,4,0,Moderate
OP0559,Quality Inspection,Day,Intermediate,79,9,93,5,3,Moderate
OP0560,Equipment Setup,Night,Intermediate,62,24,85,5,2,High
OP0561,Packaging,Night,Intermediate,78,13,81,0,0,Low
OP0562,Formation,Night,Intermediate,97,15,140,1,2,Low
OP0563,Equipment Setup,Night,Experienced,100,51,143,3,2,Moderate
OP0564,Packaging,Night,New,80,2,83,4,3,High
OP0565,Packaging,Day,Experienced,100,37,102,0,1,Low
OP0566,Formation,Day,Intermediate,83,12,127,5,2,Low
OP0567,Equipment Setup,Night,Experienced,90,29,104,0,0,Low
OP0568,Equipment Setup,Day,Experienced,93,43,115,3,4,Low
OP0569,Cell Loading,Day,Experienced,78,29,145,0,1,Low
OP0570,Quality Inspection,Night,Intermediate,64,21,105,2,1,Moderate
OP0571,Quality Inspection,Day,Experienced,100,48,117,0,0,Low
OP0572,Quality Inspection,Night,Intermediate,83,24,113,3,2,Moderate
OP0573,Equipment Setup,Day,Experienced,90,39,105,1,2,Low
OP0574,Cell Loading,Day,Experienced,76,59,124,2,0,Low
OP0575,Formation,Night,Experienced,94,34,140,3,3,Low
OP0576,Formation,Night,Experienced,89,52,83,5,2,Moderate
OP0577,Formation,Night,Experienced,75,47,148,2,3,Moderate
OP0578,Packaging,Night,Experienced,87,38,93,2,3,Low
OP0579,Cell Loading,Day,Experienced,94,39,129,1,1,Low
OP0580,Cell Loading,Night,Experienced,91,51,88,3,2,Low
OP0581,Packaging,Night,Experienced,79,55,144,1,0,Low
OP0582,Equipment Setup,Day,Intermediate,75,24,116,2,3,Low
OP0583,Packaging,Night,Experienced,94,36,138,0,1,Moderate
OP0584,Cell Loading,Night,Experienced,94,59,107,0,0,Low
OP0585,Packaging,Day,Experienced,86,57,112,2,1,Low
OP0586,Packaging,Night,Experienced,78,50,139,1,2,Low
OP0587,Quality Inspection,Day,Intermediate,82,17,92,3,2,Low
OP0588,Quality Inspection,Night,New,78,0,146,6,3,Moderate
OP0589,Packaging,Night,New,62,2,110,4,2,High
OP0590,Formation,Day,Experienced,91,31,101,1,0,Low
OP0591,Cell Loading,Day,Experienced,94,50,125,2,1,Low
OP0592,Packaging,Night,New,56,3,148,4,4,High
OP0593,Formation,Night,Experienced,99,49,102,0,0,Low
OP0594,Equipment Setup,Night,Intermediate,72,16,95,6,3,Moderate
OP0595,Formation,Day,Intermediate,74,18,110,5,3,Moderate
OP0596,Formation,Night,Experienced,81,43,111,1,3,Moderate
OP0597,Cell Loading,Night,Intermediate,98,14,104,8,7,High
OP0598,Cell Loading,Day,Intermediate,82,22,111,5,2,Moderate
OP0599,Cell Loading,Night,Experienced,95,55,140,0,1,Low
OP0600,Formation,Night,Intermediate,60,11,102,3,0,Moderate
OP0601,Equipment Setup,Night,New,82,2,81,6,2,High
OP0602,Packaging,Night,Intermediate,87,11,100,2,0,Low
OP0603,Packaging,Night,Experienced,69,48,111,0,1,Low
OP0604,Cell Loading,Night,Experienced,78,34,100,1,1,Low
OP0605,Quality Inspection,Day,Intermediate,88,15,118,0,0,Low
OP0606,Formation,Day,Experienced,80,47,130,4,3,Moderate
OP0607,Formation,Day,Experienced,76,51,101,3,2,Low
OP0608,Equipment Setup,Day,New,71,0,132,3,2,Moderate
OP0609,Formation,Night,New,62,1,142,4,1,High
OP0610,Formation,Day,New,60,0,114,4,2,High
OP0611,Packaging,Night,Experienced,81,40,125,4,0,Low
OP0612,Cell Loading,Day,Experienced,79,58,127,0,0,Low
OP0613,Cell Loading,Day,Experienced,99,46,121,1,0,Low
OP0614,Quality Inspection,Day,Experienced,71,43,144,0,0,Low
OP0615,Equipment Setup,Night,New,57,7,107,7,7,Moderate
OP0616,Packaging,Night,Experienced,100,39,97,1,0,Low
OP0617,Packaging,Day,Experienced,81,29,128,0,0,Low
OP0618,Packaging,Day,New,77,5,94,1,1,Moderate
OP0619,Formation,Night,New,62,8,96,2,1,Moderate
OP0620,Cell Loading,Night,Experienced,93,56,84,1,0,Moderate
OP0621,Equipment Setup,Night,Experienced,81,38,99,4,2,High
OP0622,Cell Loading,Night,Experienced,78,44,123,2,0,Low
OP0623,Formation,Night,Intermediate,74,15,86,5,1,Moderate
OP0624,Packaging,Day,New,78,3,93,3,2,Moderate
OP0625,Quality Inspection,Day,Experienced,68,31,95,4,2,Moderate
OP0626,Formation,Day,New,65,7,128,3,4,High
OP0627,Quality Inspection,Night,Intermediate,81,23,145,3,4,Low
OP0628,Equipment Setup,Day,Intermediate,84,22,148,4,2,Moderate
OP0629,Equipment Setup,Night,New,68,8,95,5,4,High
OP0630,Cell Loading,Day,Experienced,83,30,95,2,0,Low
OP0631,Formation,Day,Intermediate,70,18,120,0,0,Low
OP0632,Formation,Day,New,72,2,150,0,0,Low
OP0633,Formation,Night,Intermediate,84,14,98,3,2,Moderate
OP0634,Packaging,Day,Intermediate,81,13,111,0,0,Low
OP0635,Formation,Night,Experienced,86,48,115,5,4,Moderate
OP0636,Cell Loading,Night,Intermediate,79,24,150,0,1,Low
OP0637,Quality Inspection,Day,Intermediate,81,21,145,1,0,Low
OP0638,Packaging,Day,Experienced,89,51,139,6,3,Moderate
OP0639,Cell Loading,Night,Experienced,83,30,90,4,2,Low
OP0640,Quality Inspection,Day,Experienced,87,52,143,1,3,Low
OP0641,Quality Inspection,Day,Experienced,79,25,111,4,3,Moderate
OP0642,Formation,Night,Experienced,92,58,145,4,3,Moderate
OP0643,Formation,Night,Experienced,92,40,118,1,1,Low
OP0644,Equipment Setup,Day,Experienced,84,56,118,3,4,Moderate
OP0645,Packaging,Day,New,49,7,132,5,3,High
OP0646,Packaging,Night,Intermediate,76,14,136,3,1,Moderate
OP0647,Cell Loading,Day,New,63,0,84,5,3,High
OP0648,Equipment Setup,Night,Experienced,72,33,129,3,4,Moderate
OP0649,Packaging,Day,Experienced,90,40,81,0,0,Low
OP0650,Equipment Setup,Day,New,64,1,134,5,2,Moderate
OP0651,Equipment Setup,Day,New,72,2,104,6,3,High
OP0652,Packaging,Day,New,67,6,118,2,0,Moderate
OP0653,Cell Loading,Night,Experienced,80,32,140,2,3,Low
OP0654,Formation,Day,Experienced,100,60,126,3,0,Low
OP0655,Packaging,Day,Intermediate,94,11,95,6,5,High
OP0656,Formation,Day,Experienced,78,46,148,3,3,Moderate
OP0657,Packaging,Night,Experienced,94,53,133,0,0,Low
OP0658,Packaging,Day,Experienced,92,28,130,0,0,Low
OP0659,Quality Inspection,Night,Intermediate,80,21,107,2,1,Low
OP0660,Packaging,Night,Experienced,85,43,148,3,2,Low
OP0661,Cell Loading,Night,Experienced,90,28,94,4,2,Low
OP0662,Equipment Setup,Night,Experienced,89,51,81,4,4,High
OP0663,Formation,Day,Experienced,91,49,150,3,3,Moderate
OP0664,Quality Inspection,Day,Intermediate,93,22,103,1,1,Low
OP0665,Cell Loading,Night,New,70,2,88,5,4,High
OP0666,Cell Loading,Day,Experienced,81,49,85,2,1,Low
OP0667,Equipment Setup,Day,Experienced,100,25,123,3,1,Low
OP0668,Packaging,Night,Intermediate,58,16,85,2,1,Moderate
OP0669,Cell Loading,Day,Experienced,84,26,116,3,4,Moderate
OP0670,Cell Loading,Day,New,57,4,90,3,1,Moderate
OP0671,Equipment Setup,Day,Experienced,79,34,116,2,2,Low
OP0672,Formation,Day,Experienced,71,34,137,3,2,Low
OP0673,Equipment Setup,Night,Experienced,84,42,125,2,3,Low
OP0674,Cell Loading,Night,Intermediate,80,24,129,2,1,Low
OP0675,Cell Loading,Day,New,72,0,140,7,2,High
OP0676,Cell Loading,Night,Intermediate,95,22,98,3,5,Moderate
OP0677,Formation,Day,Intermediate,86,15,81,0,0,Low
OP0678,Packaging,Night,Intermediate,94,19,84,3,2,Moderate
OP0679,Quality Inspection,Night,Intermediate,63,17,100,3,2,High
OP0680,Formation,Day,Intermediate,73,11,131,3,3,Moderate
OP0681,Cell Loading,Night,New,66,1,116,4,2,High
OP0682,Cell Loading,Day,New,66,1,141,2,0,Low
OP0683,Packaging,Night,Intermediate,68,19,122,0,1,Low
OP0684,Quality Inspection,Night,Intermediate,73,10,91,2,2,Moderate
OP0685,Cell Loading,Day,Experienced,82,57,123,1,1,Moderate
OP0686,Quality Inspection,Day,New,45,1,92,1,2,High
OP0687,Formation,Night,New,65,5,126,4,3,Moderate
OP0688,Quality Inspection,Day,Experienced,89,56,96,4,0,Low
OP0689,Formation,Night,Intermediate,83,17,111,2,0,Low
OP0690,Formation,Day,Intermediate,83,23,148,4,2,Moderate
OP0691,Quality Inspection,Night,New,64,5,140,6,4,High
OP0692,Equipment Setup,Day,Experienced,88,49,140,0,0,Low
OP0693,Quality Inspection,Night,Intermediate,87,14,137,4,1,Low
OP0694,Quality Inspection,Night,Experienced,100,44,148,1,2,Moderate
OP0695,Equipment Setup,Night,Experienced,80,60,98,1,4,Moderate
OP0696,Cell Loading,Night,Experienced,74,56,113,0,2,Low
OP0697,Cell Loading,Night,Experienced,79,30,128,3,2,Low
OP0698,Packaging,Day,Intermediate,63,18,138,1,0,Moderate
OP0699,Packaging,Day,Experienced,97,54,149,0,0,Low
OP0700,Formation,Day,Experienced,83,31,93,3,2,Low
OP0701,Quality Inspection,Day,Experienced,86,51,94,2,2,Moderate
OP0702,Quality Inspection,Day,Experienced,84,39,119,4,3,Low
OP0703,Quality Inspection,Day,New,72,2,120,1,3,Moderate
OP0704,Quality Inspection,Day,Experienced,100,52,102,0,0,Low
OP0705,Cell Loading,Day,Experienced,81,50,150,3,2,Low
OP0706,Cell Loading,Day,Experienced,91,59,96,3,1,Low
OP0707,Cell Loading,Night,New,67,3,86,3,5,High
OP0708,Quality Inspection,Day,New,61,4,126,4,3,High
OP0709,Quality Inspection,Day,Intermediate,66,11,137,3,0,Low
OP0710,Formation,Day,Experienced,95,47,100,1,1,Low
OP0711,Equipment Setup,Day,Intermediate,72,13,83,3,3,Moderate
OP0712,Formation,Night,Experienced,75,43,104,5,3,High
OP0713,Quality Inspection,Day,Intermediate,89,18,135,4,2,Moderate
OP0714,Quality Inspection,Day,Intermediate,69,20,84,0,0,Low
OP0715,Equipment Setup,Night,Intermediate,76,12,111,6,4,High
OP0716,Formation,Night,New,62,5,107,5,4,High
OP0717,Formation,Night,Experienced,84,52,143,4,2,Low
OP0718,Cell Loading,Day,Intermediate,83,9,131,6,1,Moderate
OP0719,Formation,Day,Intermediate,83,22,131,6,4,High
OP0720,Quality Inspection,Day,Experienced,91,27,121,1,1,Low
OP0721,Packaging,Day,Experienced,88,28,118,3,2,Low
OP0722,Cell Loading,Night,New,64,5,132,1,0,Low
OP0723,Quality Inspection,Night,Experienced,82,45,90,0,2,Low
OP0724,Formation,Night,New,53,0,93,4,3,High
OP0725,Packaging,Night,Experienced,91,34,129,5,2,Moderate
OP0726,Cell Loading,Night,Experienced,82,31,138,1,2,Low
OP0727,Packaging,Day,Experienced,93,30,135,1,0,Low
OP0728,Quality Inspection,Day,Intermediate,87,21,146,5,2,Low
OP0729,Cell Loading,Day,New,74,0,115,4,4,High
OP0730,Packaging,Night,New,69,3,80,2,0,Moderate
OP0731,Packaging,Day,New,67,1,81,2,0,Moderate
OP0732,Formation,Night,Experienced,83,25,82,3,4,Moderate
OP0733,Cell Loading,Day,Experienced,84,31,124,3,2,Low
OP0734,Packaging,Night,New,72,8,108,4,3,High
OP0735,Quality Inspection,Night,New,78,1,149,5,3,High
OP0736,Packaging,Night,Intermediate,75,17,95,1,0,Low
OP0737,Packaging,Day,Experienced,100,56,146,4,2,Low
OP0738,Formation,Night,New,78,4,135,5,3,High
OP0739,Packaging,Day,Experienced,84,42,90,1,1,Low
OP0740,Quality Inspection,Day,Experienced,100,44,121,3,3,Moderate
OP0741,Quality Inspection,Day,Intermediate,88,11,103,0,2,Low
OP0742,Packaging,Night,Intermediate,78,23,83,3,0,Low
OP0743,Packaging,Day,Intermediate,68,20,117,5,3,Moderate
OP0744,Equipment Setup,Night,Experienced,78,30,117,4,2,Low
OP0745,Equipment Setup,Day,Experienced,83,58,108,5,1,Low
OP0746,Quality Inspection,Day,New,62,0,111,2,0,Moderate
OP0747,Formation,Day,Intermediate,82,24,149,3,3,Moderate
OP0748,Formation,Day,New,65,3,140,1,0,Moderate
OP0749,Packaging,Night,Intermediate,78,12,138,4,3,Moderate
OP0750,Quality Inspection,Day,Experienced,86,47,115,2,1,Low
OP0751,Cell Loading,Night,Experienced,100,58,123,0,1,Low
OP0752,Formation,Night,Intermediate,60,24,147,2,1,Low
OP0753,Equipment Setup,Night,New,72,0,143,6,4,High
OP0754,Cell Loading,Day,Experienced,80,36,88,5,2,Moderate
OP0755,Quality Inspection,Night,Experienced,83,26,97,4,2,Moderate
OP0756,Cell Loading,Day,Intermediate,98,15,92,3,2,Low
OP0757,Quality Inspection,Day,Intermediate,89,24,144,1,2,Low
OP0758,Quality Inspection,Day,Intermediate,83,13,109,3,1,Low
OP0759,Packaging,Night,Intermediate,90,20,148,0,0,Moderate
OP0760,Formation,Night,Experienced,87,41,122,4,4,Moderate
OP0761,Packaging,Day,New,56,1,84,3,2,High
OP0762,Quality Inspection,Day,Intermediate,57,10,124,3,1,High
OP0763,Formation,Day,New,75,3,82,3,2,Moderate
OP0764,Cell Loading,Day,Intermediate,67,20,110,6,2,Moderate
OP0765,Equipment Setup,Day,Experienced,89,25,87,4,2,Low
OP0766,Packaging,Day,Experienced,98,55,149,1,0,Low
OP0767,Cell Loading,Night,Experienced,85,48,114,1,2,Low
OP0768,Quality Inspection,Night,New,74,2,106,6,2,Low
OP0769,Quality Inspection,Night,Experienced,93,26,118,2,1,Low
OP0770,Quality Inspection,Night,New,55,3,84,4,2,High
OP0771,Packaging,Night,Experienced,81,38,134,3,0,Low
OP0772,Packaging,Night,Intermediate,57,17,110,4,4,High
OP0773,Formation,Day,Experienced,81,43,126,2,2,Low
OP0774,Packaging,Night,Experienced,85,53,125,2,2,High
OP0775,Packaging,Night,Experienced,84,53,96,2,2,Low
OP0776,Cell Loading,Night,Intermediate,78,10,113,4,5,High
OP0777,Equipment Setup,Day,Experienced,84,47,89,3,3,Moderate
OP0778,Packaging,Day,New,57,5,140,5,3,High
OP0779,Packaging,Day,Experienced,93,26,145,2,0,Low
OP0780,Cell Loading,Night,Experienced,85,30,150,0,0,Low
OP0781,Formation,Night,Experienced,90,58,111,1,3,Low
OP0782,Cell Loading,Night,Experienced,93,51,126,2,0,Low
OP0783,Equipment Setup,Day,Experienced,80,40,97,0,0,Low
OP0784,Cell Loading,Night,Experienced,93,37,113,2,1,Low
OP0785,Formation,Night,New,82,2,134,3,3,High
OP0786,Packaging,Day,Experienced,90,27,132,0,0,Low
OP0787,Cell Loading,Day,Experienced,96,57,127,1,0,Low
OP0788,Formation,Day,Intermediate,96,23,134,1,0,Low
OP0789,Formation,Day,Intermediate,76,17,116,4,3,Moderate
OP0790,Packaging,Day,Experienced,95,42,101,4,4,Low
OP0791,Cell Loading,Day,Intermediate,83,9,134,2,0,Low
OP0792,Formation,Night,Experienced,96,56,94,2,2,Low
OP0793,Formation,Night,New,59,5,120,5,2,High
OP0794,Equipment Setup,Day,Experienced,73,25,108,1,1,Low
OP0795,Quality Inspection,Night,New,74,1,135,5,3,High
OP0796,Quality Inspection,Day,Experienced,100,55,109,0,0,Low
OP0797,Equipment Setup,Night,Intermediate,96,18,133,5,3,High
OP0798,Formation,Night,Experienced,95,33,132,0,1,Low
OP0799,Quality Inspection,Day,Intermediate,79,19,136,1,1,Low
OP0800,Formation,Night,Intermediate,75,16,94,2,1,Low
OP0801,Formation,Day,Experienced,86,30,150,3,1,Low
OP0802,Quality Inspection,Day,Intermediate,73,14,111,3,2,Low
OP0803,Formation,Night,Experienced,87,27,84,3,3,Moderate
OP0804,Packaging,Day,New,65,8,81,1,0,Low
OP0805,Equipment Setup,Night,New,56,4,115,4,3,High
OP0806,Cell Loading,Night,Intermediate,69,24,143,3,4,Moderate
OP0807,Quality Inspection,Day,Intermediate,84,9,93,1,0,Low
OP0808,Quality Inspection,Day,New,63,6,109,4,0,Moderate
OP0809,Cell Loading,Day,Intermediate,81,22,142,1,0,Low
OP0810,Formation,Day,Intermediate,93,11,95,1,0,Moderate
OP0811,Cell Loading,Night,New,71,8,114,1,0,Low
OP0812,Cell Loading,Night,Intermediate,81,17,97,1,0,Low
OP0813,Cell Loading,Day,Intermediate,89,9,148,2,1,Low
OP0814,Cell Loading,Night,Experienced,81,37,131,2,0,Low
OP0815,Equipment Setup,Day,New,70,3,146,1,0,Moderate
OP0816,Equipment Setup,Night,New,61,0,98,7,3,High
OP0817,Formation,Day,Intermediate,72,23,95,3,3,Moderate
OP0818,Packaging,Day,Experienced,85,38,98,0,0,Low
OP0819,Formation,Night,Experienced,91,37,134,3,4,Moderate
OP0820,Formation,Day,Intermediate,74,15,112,6,4,Moderate
OP0821,Quality Inspection,Night,New,81,4,140,6,3,Moderate
OP0822,Formation,Day,Intermediate,86,13,90,6,3,Moderate
OP0823,Formation,Night,New,74,8,122,6,1,Moderate
OP0824,Packaging,Day,Experienced,68,50,104,1,0,Low
OP0825,Quality Inspection,Day,Intermediate,71,15,80,1,2,Low
OP0826,Quality Inspection,Day,New,75,1,82,4,3,Moderate
OP0827,Formation,Day,Intermediate,76,15,128,2,0,Low
OP0828,Cell Loading,Day,Experienced,94,41,126,4,1,Low
OP0829,Cell Loading,Day,Experienced,58,49,135,1,2,Moderate
OP0830,Packaging,Day,Intermediate,92,15,94,2,0,Low
OP0831,Packaging,Night,Intermediate,89,10,100,1,1,Moderate
OP0832,Quality Inspection,Day,Experienced,96,53,135,2,0,Low
OP0833,Equipment Setup,Night,Intermediate,93,21,93,1,2,Low
OP0834,Packaging,Day,Experienced,85,33,91,5,3,Low
OP0835,Cell Loading,Night,New,74,2,110,5,2,High
OP0836,Formation,Night,New,73,1,128,0,0,Low
OP0837,Cell Loading,Night,Experienced,84,33,130,1,1,Low
OP0838,Cell Loading,Day,Intermediate,84,19,130,2,1,Low
OP0839,Cell Loading,Night,Intermediate,82,19,129,2,0,Low
OP0840,Equipment Setup,Day,Intermediate,78,11,131,1,2,Low
OP0841,Quality Inspection,Night,New,79,6,137,0,0,Moderate
OP0842,Cell Loading,Night,Intermediate,62,21,113,5,3,Moderate
OP0843,Formation,Night,Intermediate,73,12,127,3,3,Moderate
OP0844,Packaging,Night,New,57,5,84,3,1,High
OP0845,Cell Loading,Day,Experienced,85,52,111,5,2,Low
OP0846,Formation,Day,Experienced,78,31,118,2,4,Moderate
OP0847,Formation,Night,Experienced,96,37,111,2,1,Low
OP0848,Cell Loading,Night,Intermediate,99,10,132,1,1,Low
OP0849,Quality Inspection,Night,New,71,4,138,1,0,Moderate
OP0850,Packaging,Night,New,80,7,84,2,1,Moderate
OP0851,Packaging,Day,New,70,8,139,5,2,Moderate
OP0852,Formation,Night,Intermediate,86,24,95,3,2,High
OP0853,Cell Loading,Day,Experienced,86,50,115,1,1,Low
OP0854,Packaging,Night,New,49,6,100,8,6,High
OP0855,Packaging,Night,Experienced,64,31,104,1,0,Low
OP0856,Quality Inspection,Day,Intermediate,54,16,127,1,0,Low
OP0857,Equipment Setup,Day,Experienced,85,35,140,7,3,Moderate
OP0858,Quality Inspection,Night,New,89,7,94,3,3,Moderate
OP0859,Cell Loading,Night,Experienced,77,25,140,3,1,Low
OP0860,Equipment Setup,Day,Intermediate,90,10,85,5,2,Moderate
OP0861,Quality Inspection,Day,New,52,4,101,2,2,High
OP0862,Packaging,Day,Intermediate,90,24,136,0,0,Low
OP0863,Formation,Day,New,54,5,119,5,3,High
OP0864,Cell Loading,Day,Experienced,90,49,118,5,3,Moderate
OP0865,Equipment Setup,Night,Intermediate,66,14,120,2,2,Moderate
OP0866,Quality Inspection,Night,New,52,1,95,5,2,High
OP0867,Formation,Day,Experienced,86,48,122,1,1,Low
OP0868,Formation,Night,Intermediate,68,16,111,1,0,Low
OP0869,Packaging,Night,New,82,3,146,3,2,Moderate
OP0870,Formation,Night,Experienced,75,29,92,4,3,Moderate
OP0871,Equipment Setup,Night,Experienced,74,32,138,5,3,Moderate
OP0872,Quality Inspection,Night,Experienced,97,44,144,3,0,Low
OP0873,Quality Inspection,Day,Intermediate,92,24,118,5,4,Moderate
OP0874,Formation,Day,New,54,8,118,2,2,High
OP0875,Cell Loading,Night,Experienced,100,35,133,2,1,Low
OP0876,Cell Loading,Night,Intermediate,78,20,130,3,5,Low
OP0877,Cell Loading,Night,Experienced,94,26,117,2,1,Low
OP0878,Cell Loading,Night,Experienced,93,31,140,4,5,Moderate
OP0879,Quality Inspection,Day,Intermediate,89,21,148,0,2,Low
OP0880,Quality Inspection,Day,Experienced,96,44,121,1,1,Low
OP0881,Packaging,Day,New,59,1,126,5,3,High
OP0882,Packaging,Day,Experienced,97,41,95,1,0,Low
OP0883,Equipment Setup,Day,Experienced,57,57,144,5,2,Moderate
OP0884,Formation,Day,Experienced,98,32,91,0,0,Low
OP0885,Formation,Night,Experienced,94,54,89,3,3,Moderate
OP0886,Formation,Night,Intermediate,65,9,134,3,2,Moderate
OP0887,Equipment Setup,Night,Experienced,75,37,99,4,3,Moderate
OP0888,Formation,Day,Intermediate,86,11,106,4,4,High
OP0889,Cell Loading,Night,New,70,7,128,5,3,High
OP0890,Cell Loading,Day,New,53,3,120,4,2,High
OP0891,Quality Inspection,Night,Intermediate,80,25,125,2,2,Moderate
OP0892,Formation,Night,Experienced,81,26,85,0,0,Low
OP0893,Cell Loading,Day,Experienced,88,27,117,1,1,Low
OP0894,Cell Loading,Night,Experienced,100,32,127,2,1,Low
OP0895,Packaging,Day,Experienced,96,27,149,0,1,Low
OP0896,Formation,Night,Experienced,92,32,148,2,3,Moderate
OP0897,Packaging,Day,Intermediate,77,20,143,2,0,Low
OP0898,Cell Loading,Day,Experienced,91,50,112,1,0,Low
OP0899,Equipment Setup,Night,Experienced,85,33,129,1,0,Low
OP0900,Cell Loading,Day,Intermediate,78,9,131,3,2,Moderate
OP0901,Formation,Night,Experienced,81,57,123,4,1,Low
OP0902,Equipment Setup,Night,New,60,5,109,5,4,High
OP0903,Cell Loading,Night,Intermediate,95,22,103,0,2,Low
OP0904,Formation,Day,Experienced,100,47,147,0,0,Low
OP0905,Equipment Setup,Day,Intermediate,64,12,108,6,1,High
OP0906,Packaging,Day,Experienced,91,50,140,0,2,Moderate
OP0907,Equipment Setup,Night,New,65,1,111,4,3,High
OP0908,Cell Loading,Night,New,63,6,136,4,2,High
OP0909,Equipment Setup,Night,Intermediate,63,24,138,7,7,High
OP0910,Formation,Night,Experienced,65,41,142,3,2,Moderate
OP0911,Equipment Setup,Night,New,77,7,115,6,3,High
OP0912,Packaging,Night,New,60,1,135,6,5,High
OP0913,Equipment Setup,Night,Experienced,72,46,92,5,4,Moderate
OP0914,Quality Inspection,Day,Intermediate,60,23,131,2,0,Low
OP0915,Formation,Day,Intermediate,78,9,132,4,1,Moderate
OP0916,Cell Loading,Night,Intermediate,95,10,150,1,1,Low
OP0917,Cell Loading,Night,Experienced,70,46,120,3,2,Low
OP0918,Cell Loading,Night,New,64,7,101,3,3,High
OP0919,Equipment Setup,Night,Experienced,84,59,91,2,0,Low
OP0920,Packaging,Night,New,57,6,121,1,1,Moderate
OP0921,Packaging,Day,Intermediate,86,16,107,3,3,Moderate
OP0922,Equipment Setup,Day,Intermediate,78,21,113,0,3,Low
OP0923,Packaging,Night,Experienced,79,40,121,5,0,Low
OP0924,Equipment Setup,Night,Intermediate,75,12,150,5,4,High
OP0925,Quality Inspection,Night,Intermediate,79,22,87,4,2,Moderate
OP0926,Packaging,Night,Experienced,83,26,97,3,3,Moderate
OP0927,Packaging,Night,New,75,8,120,6,0,Moderate
OP0928,Formation,Day,Intermediate,68,14,102,5,6,High
OP0929,Packaging,Day,New,76,6,132,1,2,Moderate
OP0930,Quality Inspection,Night,Intermediate,87,14,90,8,4,High
OP0931,Equipment Setup,Day,Experienced,98,31,80,2,3,Low
OP0932,Cell Loading,Day,Experienced,85,56,99,4,0,Low
OP0933,Cell Loading,Day,Experienced,100,49,95,2,0,Low
OP0934,Formation,Night,New,78,2,150,2,2,Low
OP0935,Formation,Night,New,66,2,85,1,3,High
OP0936,Equipment Setup,Day,Experienced,68,30,148,5,3,Moderate
OP0937,Cell Loading,Night,Experienced,80,43,142,3,2,Low
OP0938,Packaging,Day,Intermediate,80,10,149,4,1,High
OP0939,Quality Inspection,Day,Intermediate,73,10,145,1,0,Low
OP0940,Cell Loading,Day,Experienced,65,29,81,2,0,Moderate
OP0941,Packaging,Day,Experienced,100,46,127,3,1,Low
OP0942,Quality Inspection,Night,New,59,4,115,5,4,High
OP0943,Formation,Night,New,67,7,94,6,4,High
OP0944,Quality Inspection,Night,Intermediate,78,18,105,3,1,Low
OP0945,Formation,Night,Intermediate,81,12,110,2,2,Low
OP0946,Equipment Setup,Day,Experienced,96,41,112,2,1,Low
OP0947,Quality Inspection,Night,New,73,4,136,5,4,High
OP0948,Equipment Setup,Night,New,66,1,121,5,3,High
OP0949,Quality Inspection,Day,Intermediate,86,21,84,1,0,Low
OP0950,Packaging,Night,Intermediate,65,16,138,7,5,High
OP0951,Cell Loading,Day,Intermediate,76,14,100,2,1,Low
OP0952,Equipment Setup,Day,Experienced,92,33,133,6,3,Moderate
OP0953,Quality Inspection,Night,Intermediate,72,21,104,5,3,Moderate
OP0954,Quality Inspection,Night,Experienced,96,38,118,3,5,Moderate
OP0955,Cell Loading,Day,Intermediate,88,14,136,4,2,Moderate
OP0956,Cell Loading,Night,Intermediate,95,15,96,3,0,Low
OP0957,Equipment Setup,Day,Experienced,100,29,86,2,2,Low
OP0958,Packaging,Day,Intermediate,94,19,102,0,1,Low
OP0959,Cell Loading,Day,Intermediate,69,22,115,1,0,Low
OP0960,Formation,Day,Experienced,84,55,126,3,1,Low
OP0961,Quality Inspection,Night,Experienced,91,30,130,3,2,Moderate
OP0962,Packaging,Day,Intermediate,82,26,112,2,1,Low
OP0963,Quality Inspection,Night,Experienced,81,28,123,5,4,Moderate
OP0964,Cell Loading,Day,Experienced,90,26,129,4,1,Low
OP0965,Equipment Setup,Night,Intermediate,77,19,142,3,3,Moderate
OP0966,Equipment Setup,Day,New,56,2,127,5,1,High
OP0967,Formation,Day,Experienced,83,46,138,1,0,Low
OP0968,Formation,Day,New,68,0,129,6,1,High
OP0969,Quality Inspection,Day,Intermediate,76,10,105,2,4,Moderate
OP0970,Cell Loading,Day,Experienced,89,39,132,0,0,Low
OP0971,Cell Loading,Day,Experienced,91,41,143,0,2,Low
OP0972,Quality Inspection,Day,Experienced,86,30,88,0,0,Low
OP0973,Quality Inspection,Night,Intermediate,82,24,101,4,3,Low
OP0974,Quality Inspection,Night,Experienced,92,54,83,0,0,Low
OP0975,Cell Loading,Night,Intermediate,71,22,103,3,2,Moderate
OP0976,Cell Loading,Night,Experienced,88,60,135,3,3,Low
OP0977,Packaging,Day,New,64,5,146,6,2,High
OP0978,Packaging,Night,Experienced,86,33,96,0,1,Low
OP0979,Quality Inspection,Day,New,82,5,140,3,0,Low
OP0980,Packaging,Day,Experienced,93,40,82,3,2,Low
OP0981,Packaging,Day,Intermediate,93,23,114,3,2,Low
OP0982,Formation,Night,New,49,0,114,5,3,High
OP0983,Cell Loading,Day,Experienced,100,32,147,2,0,Moderate
OP0984,Cell Loading,Night,New,76,6,137,0,0,Low
OP0985,Formation,Night,Intermediate,75,15,121,4,3,Moderate
OP0986,Quality Inspection,Day,Experienced,82,45,84,5,2,High
OP0987,Cell Loading,Night,New,73,1,91,4,0,Moderate
OP0988,Equipment Setup,Day,Intermediate,87,21,106,3,4,Moderate
OP0989,Cell Loading,Day,Experienced,85,59,109,6,1,Low
OP0990,Quality Inspection,Day,Intermediate,86,18,150,0,0,Low
OP0991,Quality Inspection,Day,Intermediate,72,11,101,1,1,Low
OP0992,Packaging,Night,New,57,3,113,5,2,High
OP0993,Equipment Setup,Night,New,61,0,118,7,4,Low
OP0994,Equipment Setup,Night,New,63,0,106,2,1,Moderate
OP0995,Quality Inspection,Day,Experienced,91,55,111,2,1,Moderate
OP0996,Formation,Night,Intermediate,79,14,134,4,2,Moderate
OP0997,Packaging,Day,Experienced,70,44,106,3,3,Moderate
OP0998,Cell Loading,Day,New,54,3,114,2,0,Moderate
OP0999,Cell Loading,Day,New,61,9,102,6,2,High
OP1000,Packaging,Night,New,74,4,80,5,5,High
OP1001,Equipment Setup,Night,Experienced,94,28,149,4,4,Moderate
OP1002,Packaging,Night,New,65,6,143,2,0,Moderate
OP1003,Packaging,Day,Intermediate,70,20,101,3,1,Moderate
OP1004,Cell Loading,Day,Experienced,83,38,94,4,1,Low
OP1005,Packaging,Day,Experienced,85,46,127,0,0,Low
OP1006,Formation,Day,Experienced,93,54,80,0,2,Low
OP1007,Formation,Night,New,75,6,83,5,2,High
OP1008,Quality Inspection,Day,Intermediate,72,20,123,2,1,Low
OP1009,Quality Inspection,Day,Experienced,86,27,140,3,1,Low
OP1010,Packaging,Night,Experienced,92,52,90,2,2,Low
OP1011,Quality Inspection,Night,New,51,7,107,3,2,Low
OP1012,Formation,Day,Intermediate,68,21,112,2,1,Low
OP1013,Packaging,Day,New,53,5,89,4,3,High
OP1014,Quality Inspection,Day,Intermediate,62,16,109,0,1,Low
OP1015,Cell Loading,Day,New,63,0,82,3,0,Low
OP1016,Quality Inspection,Day,New,64,4,144,2,3,Moderate
OP1017,Cell Loading,Day,Intermediate,89,15,113,0,0,Moderate
OP1018,Packaging,Day,Experienced,86,46,147,1,0,Low
OP1019,Cell Loading,Night,Experienced,92,55,107,4,3,Low
OP1020,Cell Loading,Day,Experienced,85,29,101,2,1,Low
OP1021,Cell Loading,Night,Intermediate,77,23,130,0,1,Low
OP1022,Equipment Setup,Night,Experienced,77,35,135,6,3,High
OP1023,Cell Loading,Day,Intermediate,57,21,123,2,2,Moderate
OP1024,Quality Inspection,Day,Intermediate,100,11,88,1,0,Low
OP1025,Equipment Setup,Day,Intermediate,71,19,119,4,4,Moderate
OP1026,Cell Loading,Day,Experienced,98,43,150,0,0,Low
OP1027,Packaging,Day,New,60,5,111,1,2,Moderate
OP1028,Formation,Night,New,70,6,112,4,0,Moderate
OP1029,Packaging,Night,New,59,0,140,2,1,High
OP1030,Formation,Day,Intermediate,95,17,134,4,3,Low
OP1031,Equipment Setup,Night,Intermediate,66,16,150,3,2,Moderate
OP1032,Quality Inspection,Day,Intermediate,76,9,114,4,3,Moderate
OP1033,Cell Loading,Night,Experienced,86,36,135,0,0,Low
OP1034,Quality Inspection,Night,New,75,6,106,4,1,Moderate
OP1035,Packaging,Day,Intermediate,71,21,89,0,0,Low
OP1036,Quality Inspection,Night,New,57,4,83,3,0,Moderate
OP1037,Formation,Night,Intermediate,63,20,91,2,2,Moderate
OP1038,Cell Loading,Day,Experienced,84,49,100,1,0,Low
OP1039,Packaging,Night,New,71,2,132,2,2,Moderate
OP1040,Cell Loading,Night,Intermediate,89,22,89,3,3,Moderate
OP1041,Formation,Night,Intermediate,97,20,81,2,2,Moderate
OP1042,Quality Inspection,Day,New,63,7,127,6,3,High
OP1043,Formation,Day,New,69,0,138,2,1,Moderate
OP1044,Quality Inspection,Night,Experienced,81,50,143,2,1,Low
OP1045,Packaging,Day,Experienced,88,51,142,2,1,Low
OP1046,Cell Loading,Night,Intermediate,73,12,139,5,3,Moderate
OP1047,Cell Loading,Day,Experienced,99,31,129,4,0,Low
OP1048,Formation,Night,New,86,5,98,9,5,High
OP1049,Equipment Setup,Night,New,59,6,116,3,4,High
OP1050,Equipment Setup,Day,Experienced,77,60,99,3,1,Moderate
OP1051,Packaging,Day,New,64,3,85,4,2,Moderate
OP1052,Cell Loading,Night,Intermediate,83,17,84,3,1,Low
OP1053,Cell Loading,Night,New,63,7,140,6,3,High
OP1054,Packaging,Day,Experienced,79,58,111,0,1,Low
OP1055,Equipment Setup,Night,Intermediate,61,21,93,5,2,High
OP1056,Cell Loading,Day,Experienced,100,57,122,0,0,Low
OP1057,Formation,Night,Experienced,85,28,83,2,2,Low
OP1058,Quality Inspection,Day,Intermediate,82,16,100,1,0,Low
OP1059,Formation,Day,New,93,6,99,3,1,Moderate
OP1060,Packaging,Day,New,92,4,85,3,2,Moderate
OP1061,Quality Inspection,Night,New,49,4,97,6,3,High
OP1062,Equipment Setup,Day,Experienced,76,27,140,4,2,Moderate
OP1063,Quality Inspection,Night,Experienced,91,40,110,0,1,Low
OP1064,Quality Inspection,Day,New,75,1,110,4,2,Moderate
OP1065,Equipment Setup,Night,Experienced,78,38,104,3,3,Moderate
OP1066,Quality Inspection,Night,Experienced,78,45,120,0,0,Low
OP1067,Cell Loading,Night,Intermediate,79,24,110,1,1,Moderate
OP1068,Packaging,Night,Experienced,87,48,144,2,2,Moderate
OP1069,Equipment Setup,Night,Intermediate,90,15,150,2,6,Moderate
OP1070,Formation,Night,Experienced,80,51,108,1,0,Moderate
OP1071,Equipment Setup,Night,Intermediate,100,9,110,2,3,Moderate
OP1072,Equipment Setup,Night,New,58,4,148,5,3,High
OP1073,Quality Inspection,Night,New,79,5,82,7,6,High
OP1074,Cell Loading,Night,New,73,2,150,6,4,High
OP1075,Formation,Day,New,78,4,95,0,0,Low
OP1076,Formation,Night,Experienced,84,47,82,2,0,Low
OP1077,Formation,Day,New,65,2,124,7,5,High
OP1078,Quality Inspection,Day,New,76,7,109,2,3,Moderate
OP1079,Quality Inspection,Night,Intermediate,91,20,125,5,3,Low
OP1080,Quality Inspection,Day,New,81,1,97,3,0,Moderate
OP1081,Formation,Day,Experienced,78,45,84,3,1,Low
OP1082,Quality Inspection,Day,Intermediate,82,22,143,2,1,Low
OP1083,Packaging,Day,Experienced,70,33,126,5,5,Moderate
OP1084,Equipment Setup,Day,New,73,4,90,1,0,Low
OP1085,Packaging,Night,New,88,6,91,2,0,Moderate
OP1086,Formation,Night,New,78,5,111,6,3,High
OP1087,Formation,Day,Intermediate,95,13,145,3,3,Moderate
OP1088,Cell Loading,Night,Intermediate,67,10,147,2,3,High
OP1089,Equipment Setup,Night,Intermediate,84,12,94,3,2,Moderate
OP1090,Formation,Day,New,73,0,89,4,3,High
OP1091,Equipment Setup,Day,Experienced,92,32,106,2,2,Moderate
OP1092,Quality Inspection,Night,Intermediate,86,15,111,4,4,Moderate
OP1093,Quality Inspection,Night,New,63,0,116,5,3,High
OP1094,Equipment Setup,Night,Intermediate,83,16,114,0,1,Low
OP1095,Quality Inspection,Night,New,70,8,146,3,3,Moderate
OP1096,Formation,Day,New,68,4,147,8,3,Moderate
OP1097,Packaging,Night,Intermediate,88,9,112,2,0,Low
OP1098,Equipment Setup,Night,New,75,7,125,8,5,High
OP1099,Equipment Setup,Day,Experienced,96,31,85,3,4,Moderate
OP1100,Quality Inspection,Day,New,77,3,132,4,1,Moderate
OP1101,Cell Loading,Day,Intermediate,87,16,148,2,0,Low
OP1102,Formation,Night,Experienced,90,38,109,4,3,Moderate
OP1103,Packaging,Night,Intermediate,90,11,104,2,2,Low
OP1104,Cell Loading,Night,Intermediate,78,23,106,3,2,Low
OP1105,Quality Inspection,Day,Experienced,97,35,148,3,4,Moderate
OP1106,Quality Inspection,Day,Intermediate,79,14,147,2,4,Low
OP1107,Packaging,Night,New,73,8,136,3,2,Low
OP1108,Quality Inspection,Night,Experienced,74,32,148,1,2,Low
OP1109,Equipment Setup,Day,New,72,2,86,2,2,Moderate
OP1110,Equipment Setup,Day,Intermediate,91,19,142,2,2,Moderate
OP1111,Formation,Day,Experienced,85,29,121,0,0,Moderate
OP1112,Formation,Day,New,72,2,90,1,0,Moderate
OP1113,Equipment Setup,Night,New,77,0,144,3,0,High
OP1114,Equipment Setup,Night,Intermediate,81,11,120,4,4,High
OP1115,Formation,Night,Experienced,81,49,115,1,1,Low
OP1116,Cell Loading,Night,Intermediate,85,10,85,1,2,Low
OP1117,Cell Loading,Night,Experienced,73,60,147,3,2,Moderate
OP1118,Equipment Setup,Day,Experienced,89,58,102,6,1,Moderate
OP1119,Cell Loading,Night,Experienced,95,37,88,3,3,Moderate
OP1120,Packaging,Night,Intermediate,66,9,147,1,3,Moderate
OP1121,Quality Inspection,Day,Experienced,83,43,127,2,0,Low
OP1122,Packaging,Day,Intermediate,81,9,115,2,0,Low
OP1123,Formation,Day,Experienced,81,48,115,0,3,Low
OP1124,Formation,Night,Experienced,83,28,106,7,5,High
OP1125,Equipment Setup,Night,Experienced,91,32,91,5,4,Moderate
OP1126,Equipment Setup,Day,New,54,1,131,6,4,High
OP1127,Formation,Day,Experienced,100,57,92,0,0,Low
OP1128,Formation,Day,New,64,0,133,5,3,High
OP1129,Cell Loading,Night,Intermediate,83,24,133,6,2,Moderate
OP1130,Formation,Day,Intermediate,91,11,116,1,0,Low
OP1131,Packaging,Day,Intermediate,80,22,107,0,0,Low
OP1132,Formation,Night,Experienced,82,43,126,4,3,Moderate
OP1133,Quality Inspection,Night,Intermediate,92,10,82,6,3,High
OP1134,Quality Inspection,Day,Experienced,94,26,107,1,1,Low
OP1135,Packaging,Day,Experienced,85,57,142,0,1,Low
OP1136,Packaging,Day,New,55,4,137,3,1,High
OP1137,Equipment Setup,Day,Intermediate,73,15,86,5,4,High
OP1138,Equipment Setup,Day,Experienced,94,43,137,1,0,Low
OP1139,Equipment Setup,Night,Experienced,70,49,138,5,3,Moderate
OP1140,Equipment Setup,Day,New,58,1,104,1,2,High
OP1141,Cell Loading,Night,Experienced,62,52,82,5,3,High
OP1142,Formation,Night,New,76,3,126,4,4,High
OP1143,Equipment Setup,Day,Experienced,100,43,95,6,3,Moderate
OP1144,Cell Loading,Night,Intermediate,78,20,150,3,1,Moderate
OP1145,Cell Loading,Day,Intermediate,84,22,104,3,0,Low
OP1146,Packaging,Night,Intermediate,77,16,85,1,1,Low
OP1147,Formation,Day,Experienced,78,57,88,3,2,Low
OP1148,Cell Loading,Night,Experienced,85,23,115,2,1,Low
OP1149,Formation,Night,Intermediate,58,14,132,4,2,Moderate
OP1150,Quality Inspection,Night,Intermediate,76,21,132,1,0,Low
OP1151,Formation,Night,Experienced,100,55,88,3,1,Low
OP1152,Cell Loading,Day,New,72,3,125,6,4,High
OP1153,Formation,Night,Intermediate,97,11,93,4,2,Moderate
OP1154,Packaging,Day,Intermediate,90,20,149,3,1,Low
OP1155,Equipment Setup,Night,New,83,6,115,4,3,Moderate
OP1156,Equipment Setup,Day,Experienced,69,54,103,3,2,Low
OP1157,Equipment Setup,Day,New,77,3,149,2,4,Moderate
OP1158,Cell Loading,Day,Experienced,78,57,83,1,0,Low
OP1159,Quality Inspection,Night,Intermediate,71,12,110,4,2,Moderate
OP1160,Quality Inspection,Day,New,66,2,100,2,0,Moderate
OP1161,Packaging,Night,Experienced,90,41,89,2,1,Moderate
OP1162,Equipment Setup,Night,New,67,8,96,1,2,High
OP1163,Cell Loading,Night,Experienced,85,41,123,4,1,Low
OP1164,Equipment Setup,Night,Experienced,93,27,110,5,3,Moderate
OP1165,Cell Loading,Day,Experienced,84,53,88,1,0,Low
OP1166,Equipment Setup,Night,Intermediate,70,13,143,6,6,High
OP1167,Equipment Setup,Day,Intermediate,79,14,114,5,2,Moderate
OP1168,Packaging,Night,Intermediate,69,9,123,4,3,Moderate
OP1169,Quality Inspection,Night,New,63,5,97,3,0,Moderate
OP1170,Cell Loading,Day,Intermediate,61,14,103,0,0,Moderate
OP1171,Packaging,Night,New,50,2,123,1,0,High
OP1172,Equipment Setup,Night,Intermediate,97,9,121,3,1,Moderate
OP1173,Packaging,Day,New,82,4,145,3,2,Moderate
OP1174,Cell Loading,Night,Intermediate,75,17,119,2,1,Low
OP1175,Cell Loading,Day,New,78,2,140,3,0,Moderate
OP1176,Formation,Night,Experienced,78,34,91,6,2,Moderate
OP1177,Formation,Night,Intermediate,88,13,145,0,0,Low
OP1178,Quality Inspection,Night,New,64,5,137,4,2,High
OP1179,Packaging,Night,Experienced,83,42,120,3,0,Low
OP1180,Formation,Day,Experienced,95,52,80,3,4,Moderate
OP1181,Cell Loading,Day,New,78,3,94,4,0,Low
OP1182,Quality Inspection,Day,Experienced,90,43,129,0,0,Low
OP1183,Cell Loading,Night,Intermediate,81,23,96,1,2,Low
OP1184,Formation,Day,Experienced,97,36,97,1,1,Low
OP1185,Formation,Night,Experienced,91,28,133,2,2,Low
OP1186,Quality Inspection,Night,Intermediate,80,11,141,0,0,Moderate
OP1187,Packaging,Night,New,71,2,91,0,0,Low
OP1188,Formation,Night,New,74,2,138,3,3,High
OP1189,Equipment Setup,Day,Experienced,97,26,107,2,0,Low
OP1190,Equipment Setup,Day,Experienced,76,40,121,6,4,Moderate
OP1191,Equipment Setup,Day,Intermediate,93,18,139,3,0,Low
OP1192,Equipment Setup,Night,Intermediate,66,17,103,2,0,Low
OP1193,Formation,Day,Intermediate,87,23,139,3,0,Low
OP1194,Cell Loading,Day,New,83,0,126,2,2,Low
OP1195,Cell Loading,Day,Experienced,72,41,139,0,0,Low
OP1196,Packaging,Night,New,76,8,85,0,0,Low
OP1197,Formation,Night,New,75,1,91,5,3,High
OP1198,Packaging,Day,New,52,3,104,1,2,Moderate
OP1199,Quality Inspection,Day,New,74,7,86,1,0,Low
OP1200,Quality Inspection,Night,Intermediate,92,13,94,0,0,Low
OP1201,Formation,Day,Intermediate,92,19,111,3,3,Moderate
OP1202,Packaging,Day,Intermediate,87,14,146,0,0,Low
OP1203,Packaging,Day,Experienced,95,50,81,0,0,Moderate
OP1204,Cell Loading,Night,Experienced,85,47,80,0,1,Low
OP1205,Cell Loading,Night,Experienced,82,31,134,4,2,Low
OP1206,Formation,Night,Experienced,95,37,100,3,1,Low
OP1207,Equipment Setup,Day,Intermediate,81,11,109,6,5,High
OP1208,Cell Loading,Day,New,71,0,131,5,2,Moderate
OP1209,Quality Inspection,Night,Experienced,62,48,116,2,1,Low
OP1210,Packaging,Night,Intermediate,82,8,84,0,1,Low
OP1211,Cell Loading,Day,Intermediate,86,17,146,3,1,Low
OP1212,Equipment Setup,Day,Experienced,78,31,105,1,0,Moderate
OP1213,Packaging,Day,Experienced,81,43,118,2,2,Low
OP1214,Packaging,Night,Intermediate,80,22,80,2,3,Moderate
OP1215,Equipment Setup,Night,New,71,7,99,7,5,High
OP1216,Formation,Day,Experienced,82,50,83,5,3,Moderate
OP1217,Quality Inspection,Day,Experienced,76,27,150,4,3,Moderate
OP1218,Formation,Night,New,62,1,144,5,1,High
OP1219,Quality Inspection,Night,Experienced,76,58,139,0,0,Low
OP1220,Quality Inspection,Night,Experienced,97,34,114,1,2,Low
OP1221,Cell Loading,Night,Intermediate,77,12,101,5,2,Low
OP1222,Equipment Setup,Day,New,76,6,83,6,3,High
OP1223,Equipment Setup,Day,New,78,8,137,7,2,High
OP1224,Equipment Setup,Night,Experienced,91,54,118,1,1,Low
OP1225,Packaging,Day,Intermediate,70,23,149,3,3,Moderate
OP1226,Formation,Day,Experienced,90,49,90,4,1,Low
OP1227,Packaging,Day,Intermediate,70,22,130,0,0,Low
OP1228,Equipment Setup,Night,New,72,1,125,3,1,Moderate
OP1229,Quality Inspection,Night,Experienced,87,60,138,0,0,Low
OP1230,Equipment Setup,Night,Experienced,79,43,113,4,2,Moderate
OP1231,Cell Loading,Day,Intermediate,85,13,125,1,0,High
OP1232,Cell Loading,Night,Intermediate,90,16,141,4,3,Moderate
OP1233,Formation,Night,New,100,1,111,2,3,High
OP1234,Quality Inspection,Day,New,41,7,111,3,1,High
OP1235,Packaging,Day,Experienced,90,48,98,1,2,Low
OP1236,Packaging,Day,Experienced,78,51,141,3,2,Low
OP1237,Packaging,Day,Intermediate,70,9,92,2,2,Moderate
OP1238,Packaging,Day,Experienced,81,49,148,1,2,Low
OP1239,Equipment Setup,Night,Intermediate,65,21,123,0,0,Low
OP1240,Equipment Setup,Day,New,70,7,85,8,5,High
OP1241,Formation,Day,Experienced,79,59,133,2,2,Low
OP1242,Packaging,Day,Intermediate,89,9,112,0,0,Low
OP1243,Packaging,Night,Intermediate,80,22,119,1,3,Moderate
OP1244,Packaging,Night,Experienced,90,37,127,2,0,Low
OP1245,Cell Loading,Night,Intermediate,72,18,124,3,2,Moderate
OP1246,Cell Loading,Day,Intermediate,78,23,140,1,1,Low
OP1247,Formation,Day,New,78,4,144,4,2,High
OP1248,Equipment Setup,Day,New,44,8,96,5,4,High
OP1249,Packaging,Night,Experienced,86,25,113,3,0,Low
OP1250,Cell Loading,Night,New,67,7,129,6,3,High
OP1251,Cell Loading,Night,Experienced,99,57,144,1,2,High
OP1252,Packaging,Night,Experienced,85,43,89,0,1,Low
OP1253,Quality Inspection,Night,Experienced,72,56,137,0,1,Low
OP1254,Cell Loading,Night,New,68,3,89,3,2,High
OP1255,Formation,Night,Experienced,82,27,109,2,3,Moderate
OP1256,Cell Loading,Night,New,82,1,145,4,3,Moderate
OP1257,Packaging,Night,Experienced,74,48,148,4,1,Low
OP1258,Formation,Day,Experienced,80,45,138,2,0,Low
OP1259,Quality Inspection,Night,Experienced,100,58,87,0,3,Low
OP1260,Quality Inspection,Day,Intermediate,70,13,149,0,0,Low
OP1261,Cell Loading,Day,Intermediate,86,14,99,8,4,Moderate
OP1262,Equipment Setup,Day,Experienced,92,58,107,1,2,Low
OP1263,Formation,Day,New,66,8,83,1,1,Low
OP1264,Quality Inspection,Day,New,64,1,91,5,3,High
OP1265,Packaging,Day,Experienced,84,30,115,0,1,Low
OP1266,Equipment Setup,Night,Experienced,78,30,103,4,2,Moderate
OP1267,Equipment Setup,Night,Intermediate,78,11,129,3,2,Low
OP1268,Formation,Day,Experienced,75,39,121,2,0,Low
OP1269,Equipment Setup,Night,New,60,0,150,6,5,High
OP1270,Quality Inspection,Night,Experienced,71,58,95,1,2,Low
OP1271,Equipment Setup,Day,Intermediate,73,20,89,0,0,Low
OP1272,Cell Loading,Night,Experienced,76,47,103,1,1,Low
OP1273,Equipment Setup,Night,Experienced,84,29,138,2,1,Low
OP1274,Cell Loading,Day,New,63,8,131,6,3,High
OP1275,Quality Inspection,Night,Intermediate,79,11,126,2,2,Low
OP1276,Formation,Night,Intermediate,87,11,80,2,3,Moderate
OP1277,Quality Inspection,Day,Experienced,97,46,107,2,0,Low
OP1278,Equipment Setup,Night,Experienced,77,39,146,3,1,Low
OP1279,Cell Loading,Night,New,65,8,88,5,3,High
OP1280,Equipment Setup,Night,Experienced,71,36,120,3,4,High
OP1281,Cell Loading,Night,New,69,2,120,4,2,High
OP1282,Equipment Setup,Night,Intermediate,71,19,146,3,1,Low
OP1283,Quality Inspection,Night,New,65,4,145,8,2,High
OP1284,Formation,Day,Intermediate,91,10,131,0,1,Low
OP1285,Packaging,Night,Intermediate,86,16,131,5,0,Low
OP1286,Cell Loading,Night,Experienced,73,59,109,3,4,Moderate
OP1287,Packaging,Night,Experienced,100,60,86,0,1,Low
OP1288,Equipment Setup,Day,Experienced,96,25,121,2,0,Low
OP1289,Equipment Setup,Day,Experienced,98,31,144,3,2,Moderate
OP1290,Quality Inspection,Night,New,67,2,109,5,3,High
OP1291,Cell Loading,Day,Experienced,98,33,125,2,1,Low
OP1292,Formation,Night,New,78,3,113,3,3,Moderate
OP1293,Formation,Night,New,68,7,86,7,3,High
OP1294,Formation,Day,New,70,6,118,2,3,Moderate
OP1295,Formation,Night,Intermediate,70,10,88,5,3,High
OP1296,Equipment Setup,Day,Experienced,92,47,123,0,0,High
OP1297,Equipment Setup,Day,Experienced,100,50,150,5,4,Moderate
OP1298,Cell Loading,Night,Intermediate,77,13,116,1,0,Low
OP1299,Formation,Day,Intermediate,82,23,121,4,2,Moderate
OP1300,Packaging,Night,New,68,6,87,3,1,Moderate
OP1301,Cell Loading,Day,Intermediate,79,12,85,0,0,Low
OP1302,Equipment Setup,Night,Intermediate,80,13,97,5,6,High
OP1303,Quality Inspection,Night,Experienced,75,60,103,4,3,High
OP1304,Cell Loading,Night,Experienced,87,36,103,3,0,Moderate
OP1305,Formation,Night,New,76,5,103,5,4,High
OP1306,Formation,Night,Experienced,71,58,80,2,0,Low
OP1307,Equipment Setup,Night,New,51,5,139,4,2,Low
OP1308,Packaging,Day,Intermediate,90,15,99,1,0,Low
OP1309,Packaging,Night,Experienced,63,44,101,2,0,Low
OP1310,Cell Loading,Day,New,77,2,115,4,2,Low
OP1311,Formation,Day,Intermediate,72,20,96,3,0,Low
OP1312,Cell Loading,Day,Experienced,63,33,96,3,3,Moderate
OP1313,Cell Loading,Day,Intermediate,79,10,87,1,2,Low
OP1314,Equipment Setup,Day,Experienced,80,39,100,3,4,Moderate
OP1315,Formation,Night,Intermediate,88,10,107,6,4,High
OP1316,Formation,Night,Intermediate,70,13,81,2,0,Moderate
OP1317,Quality Inspection,Night,Intermediate,67,10,145,3,0,Low
OP1318,Packaging,Day,Intermediate,73,22,104,3,1,Low
OP1319,Equipment Setup,Night,New,72,3,91,4,3,High
OP1320,Packaging,Night,Intermediate,82,13,85,0,0,Low
OP1321,Equipment Setup,Day,Experienced,91,51,90,1,0,Low
OP1322,Cell Loading,Night,Experienced,98,36,111,3,2,Moderate
OP1323,Cell Loading,Day,New,59,5,127,5,3,High
OP1324,Packaging,Night,Intermediate,68,23,122,0,0,Low
OP1325,Quality Inspection,Night,Intermediate,85,21,96,4,3,Low
OP1326,Equipment Setup,Night,Intermediate,71,19,127,3,0,Moderate
OP1327,Cell Loading,Day,Intermediate,74,17,95,2,3,Low
OP1328,Equipment Setup,Day,New,100,2,120,2,2,High
OP1329,Quality Inspection,Day,Experienced,100,54,82,4,3,Low
OP1330,Cell Loading,Day,Experienced,87,30,115,2,1,Low
OP1331,Cell Loading,Night,Experienced,90,57,86,3,3,Moderate
OP1332,Equipment Setup,Night,Experienced,68,34,135,3,2,Moderate
OP1333,Formation,Night,Experienced,79,27,136,3,2,Low
OP1334,Formation,Day,New,77,2,88,1,0,Moderate
OP1335,Formation,Night,New,52,4,130,2,1,High
OP1336,Cell Loading,Night,Experienced,83,47,83,1,2,Moderate
OP1337,Cell Loading,Night,New,62,5,110,5,4,High
OP1338,Equipment Setup,Day,New,61,5,108,2,2,High
OP1339,Equipment Setup,Night,Experienced,93,55,85,1,1,Moderate
OP1340,Cell Loading,Night,New,62,0,150,5,4,High
OP1341,Cell Loading,Day,Experienced,90,56,113,0,0,Low
OP1342,Cell Loading,Day,Experienced,99,38,100,2,0,Low
OP1343,Packaging,Night,Experienced,76,47,103,4,5,Moderate
OP1344,Packaging,Day,Intermediate,92,10,141,5,3,High
OP1345,Formation,Night,Intermediate,78,24,109,6,2,High
OP1346,Cell Loading,Night,New,59,0,140,3,1,High
OP1347,Quality Inspection,Day,Intermediate,79,17,88,1,2,Low
OP1348,Packaging,Night,Intermediate,82,9,107,1,0,Low
OP1349,Formation,Night,Experienced,84,31,89,1,0,Low
OP1350,Cell Loading,Day,Experienced,82,52,138,1,0,Low
OP1351,Cell Loading,Night,Intermediate,79,24,96,1,1,Low
OP1352,Equipment Setup,Night,Experienced,93,51,119,2,0,Low
OP1353,Packaging,Day,New,68,8,103,3,2,Low
OP1354,Quality Inspection,Night,Experienced,77,54,80,2,2,Low
OP1355,Equipment Setup,Night,Intermediate,59,18,133,5,2,High
OP1356,Formation,Day,Intermediate,78,20,129,4,1,Low
OP1357,Quality Inspection,Day,New,65,5,106,5,3,High
OP1358,Equipment Setup,Day,Intermediate,80,15,120,4,4,Moderate
OP1359,Equipment Setup,Night,Experienced,80,47,122,3,0,Low
OP1360,Formation,Night,Experienced,86,50,111,1,2,Low
OP1361,Packaging,Day,Intermediate,83,17,101,2,1,Low
OP1362,Cell Loading,Night,New,80,2,137,4,2,Moderate
OP1363,Formation,Night,Intermediate,63,20,123,2,2,Low
OP1364,Quality Inspection,Night,Intermediate,81,11,83,3,1,Low
OP1365,Formation,Day,Experienced,83,54,130,3,3,Moderate
OP1366,Quality Inspection,Day,Experienced,68,38,118,3,1,Low
OP1367,Formation,Day,Experienced,92,60,103,3,3,Moderate
OP1368,Packaging,Night,Intermediate,80,17,137,2,0,Low
OP1369,Quality Inspection,Day,New,76,5,115,1,1,Moderate
OP1370,Quality Inspection,Night,Experienced,81,29,120,2,1,Moderate
OP1371,Formation,Day,New,70,8,103,2,2,Moderate
OP1372,Equipment Setup,Day,Experienced,88,35,93,4,3,Moderate
OP1373,Packaging,Night,Intermediate,95,11,126,2,1,Low
OP1374,Packaging,Day,Experienced,95,28,90,0,0,Low
OP1375,Packaging,Night,New,56,0,85,5,3,High
OP1376,Formation,Day,Intermediate,77,14,86,2,3,Moderate
OP1377,Packaging,Night,Experienced,73,31,121,3,1,Moderate
OP1378,Packaging,Day,Intermediate,64,16,140,2,0,Moderate
OP1379,Cell Loading,Night,Intermediate,76,19,144,3,1,Low
OP1380,Formation,Day,New,79,1,145,4,0,Low
OP1381,Equipment Setup,Day,Experienced,100,29,117,1,0,Low
OP1382,Equipment Setup,Night,Experienced,81,36,98,3,4,Moderate
OP1383,Equipment Setup,Night,New,67,0,102,3,3,High
OP1384,Cell Loading,Day,Experienced,82,25,117,1,0,Moderate
OP1385,Equipment Setup,Night,Intermediate,83,22,128,4,0,Low
OP1386,Quality Inspection,Night,Intermediate,74,14,120,6,3,High
OP1387,Packaging,Day,New,73,5,131,2,2,Moderate
OP1388,Cell Loading,Day,Intermediate,97,12,132,0,1,Low
OP1389,Equipment Setup,Night,New,63,3,102,7,3,High
OP1390,Packaging,Night,Experienced,82,26,93,3,0,Moderate
OP1391,Cell Loading,Day,New,88,1,102,4,1,Moderate
OP1392,Equipment Setup,Day,Experienced,69,59,81,3,0,Low
OP1393,Equipment Setup,Day,Intermediate,83,18,85,4,2,Moderate
OP1394,Quality Inspection,Day,Experienced,83,58,131,0,1,Low
OP1395,Formation,Night,Experienced,94,38,98,3,2,Low
OP1396,Packaging,Day,Experienced,81,32,94,2,2,Low
OP1397,Quality Inspection,Night,Intermediate,70,12,82,6,4,High
OP1398,Formation,Day,New,69,3,130,3,2,Low
OP1399,Packaging,Day,Experienced,96,40,100,4,1,Low
OP1400,Formation,Night,Intermediate,67,22,109,0,0,Low
OP1401,Equipment Setup,Night,Experienced,70,38,144,3,3,Low
OP1402,Quality Inspection,Day,Intermediate,69,12,93,1,1,Low
OP1403,Cell Loading,Day,Experienced,77,34,108,1,1,Low
OP1404,Formation,Night,Experienced,83,55,127,1,2,Moderate
OP1405,Equipment Setup,Day,Experienced,93,42,136,3,2,Low
OP1406,Equipment Setup,Day,Intermediate,67,18,82,3,3,Moderate
OP1407,Packaging,Night,Intermediate,73,14,121,1,1,Low
OP1408,Cell Loading,Night,Experienced,80,25,82,1,0,Low
OP1409,Quality Inspection,Night,New,68,7,150,4,1,Moderate
OP1410,Equipment Setup,Night,Intermediate,81,11,118,1,0,Low
OP1411,Packaging,Day,Intermediate,81,12,83,2,2,Low
OP1412,Formation,Night,Experienced,100,32,138,3,0,Low
OP1413,Formation,Day,Intermediate,86,17,149,2,1,Low
OP1414,Equipment Setup,Day,Experienced,97,55,150,0,1,Low
OP1415,Quality Inspection,Night,Experienced,75,24,93,0,0,Low
OP1416,Packaging,Night,Intermediate,82,17,117,0,0,Low
OP1417,Formation,Day,Intermediate,78,14,94,2,0,Low
OP1418,Packaging,Night,Experienced,84,41,115,1,2,Low
OP1419,Packaging,Day,Intermediate,79,10,121,4,1,Low
OP1420,Cell Loading,Day,Experienced,91,36,117,2,2,Low
OP1421,Quality Inspection,Night,Intermediate,84,19,92,4,1,Low
OP1422,Cell Loading,Night,Intermediate,87,20,87,0,0,Low
OP1423,Formation,Day,Experienced,87,55,139,1,0,Low
OP1424,Equipment Setup,Night,Experienced,78,45,101,6,3,High
OP1425,Quality Inspection,Day,Experienced,79,45,87,1,1,Low
OP1426,Quality Inspection,Night,Intermediate,78,24,98,1,2,Low
OP1427,Packaging,Day,Experienced,74,54,138,2,2,Low
OP1428,Equipment Setup,Day,New,72,1,88,6,4,High
OP1429,Cell Loading,Night,Experienced,79,57,88,2,2,Low
OP1430,Cell Loading,Night,Experienced,91,45,107,0,0,Low
OP1431,Equipment Setup,Day,New,65,1,115,5,2,High
OP1432,Quality Inspection,Day,Experienced,88,39,112,3,1,Low
OP1433,Packaging,Day,Experienced,98,26,150,0,1,Low
OP1434,Packaging,Day,New,57,1,116,5,2,High
OP1435,Equipment Setup,Night,Experienced,76,54,142,2,3,Low
OP1436,Equipment Setup,Day,New,62,1,89,3,2,High
OP1437,Quality Inspection,Day,Intermediate,59,19,113,6,3,High
OP1438,Cell Loading,Night,Experienced,80,31,144,1,0,Low
OP1439,Equipment Setup,Day,Experienced,100,56,123,0,0,Low
OP1440,Equipment Setup,Day,Experienced,77,53,134,3,2,Low
OP1441,Formation,Night,Experienced,85,59,120,4,3,Moderate
OP1442,Equipment Setup,Day,New,61,8,97,4,2,High
OP1443,Formation,Day,Experienced,87,45,95,4,3,Moderate
OP1444,Formation,Night,Experienced,99,58,136,2,0,Low
OP1445,Equipment Setup,Day,New,70,3,122,0,0,Moderate
OP1446,Packaging,Night,Experienced,78,30,142,1,0,Low
OP1447,Quality Inspection,Night,New,70,0,142,3,2,Moderate
OP1448,Quality Inspection,Day,Intermediate,60,16,112,3,2,Low
OP1449,Formation,Night,Experienced,93,45,132,3,1,Low
OP1450,Formation,Day,Intermediate,82,13,97,3,1,Low
OP1451,Packaging,Night,New,64,3,132,3,2,High
OP1452,Equipment Setup,Day,Intermediate,95,14,145,1,1,Low
OP1453,Formation,Day,Experienced,91,46,142,3,2,Low
OP1454,Equipment Setup,Day,Experienced,83,49,84,0,2,Low
OP1455,Formation,Night,New,60,7,109,5,4,High
OP1456,Formation,Day,Experienced,87,32,133,4,3,Moderate
OP1457,Packaging,Day,Experienced,93,41,109,3,1,Moderate
OP1458,Formation,Day,New,78,7,107,2,0,Moderate
OP1459,Formation,Day,Experienced,84,44,115,0,0,Low
OP1460,Packaging,Night,New,59,2,103,1,0,High
OP1461,Cell Loading,Day,Intermediate,77,12,119,1,1,Low
OP1462,Quality Inspection,Night,Experienced,97,35,122,1,1,Moderate
OP1463,Cell Loading,Day,Intermediate,78,15,123,0,0,Low
OP1464,Equipment Setup,Day,New,71,7,84,4,3,High
OP1465,Quality Inspection,Day,Experienced,79,55,103,4,3,Moderate
OP1466,Quality Inspection,Day,Experienced,69,32,88,0,1,Low
OP1467,Formation,Day,Experienced,86,44,103,2,1,Low
OP1468,Packaging,Day,New,71,0,140,6,4,High
OP1469,Quality Inspection,Night,Intermediate,73,16,118,2,1,Moderate
OP1470,Packaging,Night,New,84,0,148,3,2,Moderate
OP1471,Quality Inspection,Night,Experienced,88,59,133,4,4,Moderate
OP1472,Quality Inspection,Night,New,67,3,94,3,0,Moderate
OP1473,Formation,Night,Intermediate,73,10,130,1,0,Low
OP1474,Equipment Setup,Night,Intermediate,87,17,147,4,2,Moderate
OP1475,Formation,Day,New,62,2,98,6,2,Low
OP1476,Equipment Setup,Night,New,51,4,80,6,1,High
OP1477,Formation,Day,Intermediate,100,21,91,0,1,Low
OP1478,Quality Inspection,Night,Experienced,81,27,149,1,4,Low
OP1479,Equipment Setup,Night,Intermediate,78,17,145,3,3,Moderate
OP1480,Quality Inspection,Day,Experienced,77,58,127,4,2,Moderate
OP1481,Packaging,Day,Experienced,89,37,88,0,1,Low
OP1482,Equipment Setup,Night,Intermediate,74,17,92,5,4,High
OP1483,Cell Loading,Day,Experienced,79,34,116,3,2,Moderate
OP1484,Formation,Night,Intermediate,87,19,104,7,5,High
OP1485,Quality Inspection,Day,New,85,1,97,1,0,Low
OP1486,Packaging,Night,Intermediate,58,18,139,3,2,Moderate
OP1487,Formation,Day,New,67,3,102,5,5,High
OP1488,Formation,Day,New,68,4,134,3,0,High
OP1489,Packaging,Night,Intermediate,79,10,136,1,1,Low
OP1490,Formation,Night,New,87,5,99,4,0,High
OP1491,Quality Inspection,Day,New,67,5,138,2,0,Moderate
OP1492,Quality Inspection,Night,Experienced,87,50,136,3,1,Low
OP1493,Packaging,Night,Intermediate,65,11,81,7,4,High
OP1494,Packaging,Day,New,69,5,119,1,2,Low
OP1495,Formation,Day,New,54,6,100,3,2,High
OP1496,Packaging,Day,Experienced,82,31,149,0,0,Moderate
OP1497,Cell Loading,Night,New,76,4,147,1,1,Moderate
OP1498,Formation,Night,Experienced,93,31,127,4,1,Low
OP1499,Cell Loading,Day,Experienced,100,32,147,0,1,Low
OP1500,Equipment Setup,Night,New,82,0,137,4,1,Moderate
OP1501,Formation,Day,Experienced,100,27,140,3,1,Low
OP1502,Equipment Setup,Night,New,67,1,125,4,1,High
OP1503,Formation,Night,Experienced,87,54,95,7,5,High
OP1504,Quality Inspection,Day,Intermediate,87,23,139,2,2,Low
OP1505,Quality Inspection,Day,Intermediate,64,12,96,5,2,Low
OP1506,Quality Inspection,Day,Intermediate,66,24,133,4,4,High
OP1507,Packaging,Day,Experienced,82,60,144,2,1,Low
OP1508,Cell Loading,Night,Experienced,83,35,129,3,2,Low
OP1509,Packaging,Night,Experienced,77,26,135,1,0,Low
OP1510,Cell Loading,Day,Intermediate,82,12,129,0,0,Low
OP1511,Formation,Night,Experienced,97,35,148,4,1,Moderate
OP1512,Formation,Night,Experienced,81,52,109,1,3,Moderate
OP1513,Packaging,Night,Experienced,88,50,122,2,2,Low
OP1514,Packaging,Night,Intermediate,92,13,95,0,0,Low
OP1515,Formation,Day,Intermediate,86,11,92,4,4,Moderate
OP1516,Cell Loading,Night,Experienced,82,27,129,3,1,Low
OP1517,Packaging,Night,Intermediate,83,23,83,2,1,Low
OP1518,Quality Inspection,Day,Intermediate,83,10,109,2,1,Low
OP1519,Formation,Night,Intermediate,72,19,102,2,3,Low
OP1520,Cell Loading,Night,Experienced,84,53,128,4,4,High
OP1521,Cell Loading,Night,New,62,8,125,3,1,Moderate
OP1522,Quality Inspection,Day,Experienced,68,58,109,1,0,Low
OP1523,Packaging,Day,Intermediate,90,9,98,0,0,Low
OP1524,Quality Inspection,Night,Experienced,83,45,140,2,2,Low
OP1525,Packaging,Day,Intermediate,82,11,147,2,3,Moderate
OP1526,Cell Loading,Day,New,55,2,93,2,2,Moderate
OP1527,Quality Inspection,Night,Experienced,99,56,149,1,2,Moderate
OP1528,Formation,Night,Experienced,95,25,132,6,7,Moderate
OP1529,Packaging,Day,Experienced,97,42,83,2,0,Low
OP1530,Formation,Night,Experienced,71,53,84,1,1,Low
OP1531,Cell Loading,Night,Experienced,91,49,100,0,0,Low
OP1532,Equipment Setup,Day,Experienced,100,45,150,4,2,Low
OP1533,Cell Loading,Night,Experienced,86,56,95,3,1,Low
OP1534,Formation,Day,Experienced,100,51,138,0,0,Low
OP1535,Equipment Setup,Night,Intermediate,67,16,80,2,2,Low
OP1536,Equipment Setup,Day,Experienced,98,31,85,2,2,Low
OP1537,Packaging,Day,Experienced,86,42,108,2,2,Low
OP1538,Cell Loading,Night,New,68,2,94,8,4,High
OP1539,Formation,Day,Experienced,89,57,106,0,0,Low
OP1540,Cell Loading,Night,New,67,12,114,6,6,Low
OP1541,Equipment Setup,Night,Intermediate,84,13,131,4,4,Moderate
OP1542,Quality Inspection,Day,Intermediate,78,17,123,1,1,Low
OP1543,Quality Inspection,Day,Experienced,92,31,134,2,0,Low
OP1544,Packaging,Night,New,53,2,109,5,1,High
OP1545,Equipment Setup,Night,Intermediate,89,13,125,2,0,Low
OP1546,Cell Loading,Day,Intermediate,87,12,136,2,0,Low
OP1547,Equipment Setup,Day,Intermediate,83,17,149,3,4,Moderate
OP1548,Formation,Day,Experienced,73,25,135,2,0,Low
OP1549,Cell Loading,Day,Intermediate,75,22,87,3,3,Moderate
OP1550,Equipment Setup,Night,Experienced,95,58,135,6,3,Moderate
OP1551,Equipment Setup,Night,Intermediate,78,13,120,4,2,Moderate
OP1552,Packaging,Day,Experienced,92,59,131,0,1,Low
OP1553,Quality Inspection,Day,Intermediate,77,17,101,2,0,Low
OP1554,Formation,Night,Intermediate,95,25,123,3,4,Moderate
OP1555,Cell Loading,Day,Intermediate,86,18,89,5,3,Moderate
OP1556,Cell Loading,Day,New,86,7,80,3,2,Moderate
OP1557,Quality Inspection,Night,Experienced,72,45,87,0,0,Low
OP1558,Packaging,Day,New,84,5,91,4,1,Moderate
OP1559,Formation,Day,Experienced,100,37,113,2,2,Low
OP1560,Packaging,Night,Experienced,89,43,129,2,0,Low
OP1561,Formation,Night,Experienced,83,38,115,5,1,Moderate
OP1562,Formation,Day,Experienced,83,56,103,2,1,Low
OP1563,Packaging,Night,New,69,7,105,1,1,Low
OP1564,Packaging,Night,Experienced,71,49,115,3,3,Moderate
OP1565,Packaging,Day,Experienced,97,25,120,0,0,Low
OP1566,Equipment Setup,Day,Experienced,94,27,113,5,5,High
OP1567,Quality Inspection,Day,Intermediate,85,23,107,0,0,Low
OP1568,Packaging,Night,Intermediate,75,22,109,1,3,Low
OP1569,Packaging,Night,Experienced,85,30,84,3,1,Low
OP1570,Equipment Setup,Night,Intermediate,63,23,110,5,3,Moderate
OP1571,Formation,Day,Experienced,80,53,107,4,2,Moderate
OP1572,Formation,Day,New,88,2,115,2,0,Low
OP1573,Equipment Setup,Night,Intermediate,77,19,106,3,2,Moderate
OP1574,Equipment Setup,Night,Experienced,96,26,82,0,0,Low
OP1575,Formation,Night,New,64,8,136,7,3,High
OP1576,Equipment Setup,Day,Intermediate,77,14,148,3,1,Low
OP1577,Packaging,Day,Experienced,71,39,80,0,0,Low
OP1578,Formation,Day,Experienced,93,59,91,0,0,Low
OP1579,Equipment Setup,Day,New,60,5,83,7,3,High
OP1580,Packaging,Night,Experienced,96,58,115,5,3,Moderate
OP1581,Formation,Night,Experienced,64,32,128,5,2,High
OP1582,Formation,Day,Intermediate,88,17,98,1,0,High
OP1583,Formation,Day,Intermediate,80,13,86,3,3,Low
OP1584,Formation,Night,New,67,2,117,3,3,High
OP1585,Formation,Night,New,88,8,139,3,1,High
OP1586,Equipment Setup,Night,Experienced,85,35,84,3,3,Moderate
OP1587,Formation,Day,Experienced,93,51,114,3,4,Moderate
OP1588,Equipment Setup,Night,Experienced,79,30,98,0,0,Low
OP1589,Formation,Day,Experienced,82,34,103,1,0,Moderate
OP1590,Quality Inspection,Day,New,49,4,119,7,1,High
OP1591,Equipment Setup,Day,Experienced,87,53,82,6,4,Moderate
OP1592,Cell Loading,Day,Intermediate,98,23,131,4,5,Moderate
OP1593,Formation,Night,Intermediate,67,23,89,5,4,Moderate
OP1594,Cell Loading,Day,Experienced,88,41,132,2,2,Low
OP1595,Quality Inspection,Night,New,84,5,99,1,0,Low
OP1596,Equipment Setup,Night,Experienced,77,50,103,1,1,Low
OP1597,Packaging,Day,New,70,4,105,0,0,Low
OP1598,Formation,Day,New,74,1,139,5,4,High
OP1599,Formation,Night,Experienced,90,39,89,3,2,Moderate
OP1600,Equipment Setup,Night,New,58,8,100,4,2,High
OP1601,Formation,Night,Experienced,92,34,83,1,0,Low
OP1602,Packaging,Night,New,55,8,131,1,1,Moderate
OP1603,Cell Loading,Day,Intermediate,88,22,122,3,2,Moderate
OP1604,Formation,Night,New,61,4,89,3,0,Moderate
OP1605,Formation,Day,New,66,7,124,5,4,Low
OP1606,Equipment Setup,Day,Intermediate,72,24,103,3,3,Moderate
OP1607,Packaging,Day,Experienced,70,56,133,3,0,High
OP1608,Quality Inspection,Night,New,84,1,125,3,0,Low
OP1609,Equipment Setup,Night,New,71,5,125,3,2,High
OP1610,Quality Inspection,Night,Intermediate,85,21,130,2,0,Moderate
OP1611,Cell Loading,Day,Experienced,95,45,82,3,2,Low
OP1612,Equipment Setup,Day,Experienced,87,49,85,6,1,Moderate
OP1613,Packaging,Day,Experienced,95,59,123,4,3,Low
OP1614,Cell Loading,Night,Experienced,89,33,113,1,0,Moderate
OP1615,Quality Inspection,Night,New,80,8,95,1,0,Low
OP1616,Packaging,Day,New,60,3,128,2,0,Moderate
OP1617,Formation,Night,New,63,6,84,4,4,High
OP1618,Equipment Setup,Night,Experienced,84,55,141,4,3,Moderate
OP1619,Cell Loading,Day,New,63,1,123,4,0,Moderate
OP1620,Cell Loading,Night,New,49,5,109,4,4,High
OP1621,Packaging,Day,New,70,7,129,2,1,Moderate
OP1622,Cell Loading,Night,Experienced,88,52,81,1,1,Low
OP1623,Formation,Day,Experienced,89,28,126,4,3,Moderate
OP1624,Packaging,Night,Experienced,69,48,130,0,0,Moderate
OP1625,Quality Inspection,Night,Experienced,80,56,97,4,3,Low
OP1626,Cell Loading,Day,New,64,0,129,6,2,High
OP1627,Packaging,Night,Intermediate,91,21,99,4,3,Moderate
OP1628,Quality Inspection,Day,Experienced,77,33,117,3,0,Low
OP1629,Quality Inspection,Day,New,80,5,83,7,5,High
OP1630,Formation,Night,Intermediate,81,12,87,5,3,Moderate
OP1631,Equipment Setup,Night,Intermediate,75,17,107,6,5,Low
OP1632,Formation,Day,Experienced,84,58,118,2,1,Low
OP1633,Formation,Day,New,56,5,138,1,2,Moderate
OP1634,Quality Inspection,Night,Experienced,93,30,92,0,1,Low
OP1635,Cell Loading,Day,New,59,2,97,6,7,High
OP1636,Cell Loading,Night,New,68,2,103,6,0,High
OP1637,Cell Loading,Day,Experienced,95,46,103,2,1,Low
OP1638,Cell Loading,Night,Intermediate,75,15,147,1,0,Low
OP1639,Packaging,Day,Intermediate,88,17,136,1,2,Low
OP1640,Formation,Day,Experienced,95,50,99,2,1,Low
OP1641,Cell Loading,Day,Intermediate,82,23,144,2,1,Moderate
OP1642,Formation,Day,Intermediate,75,10,120,1,0,Low
OP1643,Formation,Day,Experienced,98,44,82,0,0,Low
OP1644,Quality Inspection,Day,Intermediate,67,9,85,3,0,Moderate
OP1645,Packaging,Night,Experienced,82,41,114,1,2,Moderate
OP1646,Equipment Setup,Night,Experienced,98,59,144,2,0,Low
OP1647,Packaging,Day,Experienced,75,38,117,2,1,Low
OP1648,Formation,Day,Experienced,83,59,93,4,1,Moderate
OP1649,Formation,Day,Experienced,77,36,100,3,2,Low
OP1650,Packaging,Day,Experienced,83,35,142,0,0,Low
OP1651,Cell Loading,Day,Intermediate,60,24,117,5,3,High
OP1652,Packaging,Night,Intermediate,76,23,114,0,0,Low
OP1653,Quality Inspection,Night,Intermediate,75,21,136,4,3,Moderate
OP1654,Quality Inspection,Day,Intermediate,74,15,137,6,3,Moderate
OP1655,Equipment Setup,Night,Intermediate,69,20,112,2,1,Low
OP1656,Quality Inspection,Day,Intermediate,84,10,121,3,2,Moderate
OP1657,Formation,Night,Experienced,85,25,132,8,1,Moderate
OP1658,Formation,Day,Intermediate,67,16,114,4,2,Moderate
OP1659,Formation,Night,Experienced,82,59,115,3,1,Moderate
OP1660,Equipment Setup,Night,Intermediate,78,24,114,4,1,Moderate
OP1661,Packaging,Night,Experienced,82,54,118,7,2,Moderate
OP1662,Equipment Setup,Night,Experienced,100,46,135,4,2,Moderate
OP1663,Formation,Day,Experienced,73,47,122,0,0,Low
OP1664,Cell Loading,Day,Intermediate,79,23,138,3,0,Moderate
OP1665,Formation,Night,Experienced,93,58,120,3,0,Low
OP1666,Quality Inspection,Day,New,68,3,126,3,1,Moderate
OP1667,Quality Inspection,Night,Experienced,95,43,104,1,0,Low
OP1668,Formation,Night,New,59,8,117,5,5,High
OP1669,Equipment Setup,Night,Intermediate,82,9,98,4,4,Moderate
OP1670,Cell Loading,Day,Intermediate,79,12,149,4,1,Low
OP1671,Quality Inspection,Night,Intermediate,77,17,120,3,4,Moderate
OP1672,Formation,Night,Experienced,76,54,87,2,1,Moderate
OP1673,Quality Inspection,Day,Intermediate,70,15,106,0,0,Low
OP1674,Equipment Setup,Night,Experienced,82,36,91,4,3,Moderate
OP1675,Equipment Setup,Night,Experienced,100,31,80,4,2,Moderate
OP1676,Quality Inspection,Day,New,70,2,109,5,3,High
OP1677,Quality Inspection,Night,Experienced,88,54,142,1,2,Low
OP1678,Cell Loading,Night,Intermediate,75,26,101,4,1,Low
OP1679,Packaging,Night,Experienced,93,45,147,0,0,Low
OP1680,Packaging,Day,Intermediate,88,15,141,2,0,Low
OP1681,Cell Loading,Night,Experienced,89,37,148,0,0,Low
OP1682,Equipment Setup,Day,Experienced,100,34,114,2,0,Low
OP1683,Equipment Setup,Night,New,54,3,82,6,3,High
OP1684,Cell Loading,Day,Intermediate,86,24,98,1,1,Low
OP1685,Cell Loading,Day,New,62,1,118,0,0,Moderate
OP1686,Packaging,Day,Intermediate,78,17,83,0,1,Low
OP1687,Quality Inspection,Night,Intermediate,70,12,90,4,2,Moderate
OP1688,Quality Inspection,Day,Intermediate,78,14,131,3,4,Moderate
OP1689,Formation,Day,Experienced,81,44,87,2,0,Low
OP1690,Cell Loading,Day,Intermediate,73,18,83,2,0,Low
OP1691,Formation,Night,Experienced,90,36,138,5,5,High
OP1692,Quality Inspection,Day,Intermediate,92,10,108,1,0,Low
OP1693,Cell Loading,Night,Experienced,82,60,92,0,0,Low
OP1694,Formation,Night,Intermediate,86,14,130,4,2,Moderate
OP1695,Quality Inspection,Day,New,66,6,88,0,0,Moderate
OP1696,Packaging,Night,Intermediate,71,14,113,1,1,Low
OP1697,Equipment Setup,Night,New,67,2,114,5,0,Moderate
OP1698,Equipment Setup,Day,Intermediate,77,18,112,5,3,High
OP1699,Packaging,Night,Intermediate,83,15,138,0,0,Low
OP1700,Packaging,Day,Intermediate,82,18,92,2,2,Low
OP1701,Formation,Day,New,72,8,90,2,3,Moderate
OP1702,Formation,Day,Intermediate,88,11,131,4,2,Moderate
OP1703,Quality Inspection,Day,Intermediate,71,9,105,2,3,Moderate
OP1704,Formation,Night,New,69,2,122,4,3,High
OP1705,Packaging,Day,New,69,1,132,2,1,Moderate
OP1706,Formation,Night,Intermediate,88,16,97,4,3,Moderate
OP1707,Equipment Setup,Day,New,71,4,85,5,2,Moderate
OP1708,Cell Loading,Day,Experienced,81,48,107,5,2,Low
OP1709,Quality Inspection,Night,Intermediate,70,15,136,2,1,Low
OP1710,Formation,Night,New,61,7,111,2,0,Moderate
OP1711,Equipment Setup,Night,Experienced,85,47,129,5,4,Moderate
OP1712,Quality Inspection,Day,Intermediate,75,16,133,2,2,Low
OP1713,Cell Loading,Day,Intermediate,87,20,114,4,2,Low
OP1714,Quality Inspection,Day,Experienced,81,60,105,1,0,Low
OP1715,Equipment Setup,Day,Intermediate,89,19,133,6,3,Moderate
OP1716,Packaging,Night,Intermediate,88,22,130,3,3,Moderate
OP1717,Cell Loading,Day,Intermediate,72,20,92,0,1,Low
OP1718,Quality Inspection,Day,Intermediate,74,21,80,0,0,Low
OP1719,Equipment Setup,Day,Intermediate,81,13,96,8,4,High
OP1720,Quality Inspection,Night,New,84,4,129,3,2,High
OP1721,Cell Loading,Day,Intermediate,81,20,90,3,2,Low
OP1722,Quality Inspection,Day,Experienced,84,53,150,2,0,High
OP1723,Formation,Day,Intermediate,79,9,114,3,2,Moderate
OP1724,Cell Loading,Night,Experienced,95,51,92,2,2,Low
OP1725,Formation,Day,Experienced,90,52,112,3,1,Moderate
OP1726,Formation,Day,New,73,4,84,2,0,Low
OP1727,Formation,Night,Experienced,100,27,111,2,2,Low
OP1728,Packaging,Night,Intermediate,89,13,87,3,0,Low
OP1729,Equipment Setup,Day,New,86,8,92,6,2,High
OP1730,Formation,Night,Experienced,100,26,80,1,2,Low
OP1731,Packaging,Day,New,62,8,142,4,3,High
OP1732,Packaging,Night,Intermediate,89,22,90,5,1,Low
OP1733,Quality Inspection,Day,Experienced,84,43,116,2,1,Moderate
OP1734,Quality Inspection,Day,Intermediate,78,22,121,1,0,Low
OP1735,Formation,Day,Experienced,89,43,139,0,0,Low
OP1736,Quality Inspection,Night,Intermediate,74,16,123,4,1,Moderate
OP1737,Packaging,Night,Experienced,89,43,138,3,3,Low
OP1738,Formation,Night,New,76,0,128,5,4,High
OP1739,Formation,Night,Experienced,98,31,132,2,1,Moderate
OP1740,Equipment Setup,Day,New,65,6,124,4,3,High
OP1741,Cell Loading,Day,New,58,2,99,2,1,Moderate
OP1742,Formation,Night,Intermediate,77,12,124,0,2,Low
OP1743,Packaging,Night,Experienced,83,35,135,1,3,Low
OP1744,Equipment Setup,Night,Intermediate,85,9,118,4,2,High
OP1745,Cell Loading,Night,New,84,5,113,3,4,Moderate
OP1746,Formation,Day,New,89,8,129,3,0,Moderate
OP1747,Formation,Day,Intermediate,97,12,136,2,4,High
OP1748,Equipment Setup,Night,Experienced,68,56,82,2,1,Moderate
OP1749,Quality Inspection,Night,Intermediate,74,10,149,1,1,Low
OP1750,Quality Inspection,Night,Intermediate,86,10,108,4,1,Low
OP1751,Formation,Day,Intermediate,90,9,100,0,0,Low
OP1752,Cell Loading,Night,Experienced,100,25,112,3,1,Moderate
OP1753,Cell Loading,Night,New,76,5,121,2,1,Moderate
OP1754,Quality Inspection,Night,New,69,4,107,6,4,High
OP1755,Packaging,Night,New,66,3,147,3,2,High
OP1756,Equipment Setup,Day,Intermediate,73,12,96,2,2,Moderate
OP1757,Cell Loading,Day,Intermediate,85,16,106,0,1,Low
OP1758,Formation,Day,New,71,3,125,4,2,High
OP1759,Formation,Day,Intermediate,70,16,142,3,1,Moderate
OP1760,Quality Inspection,Day,Intermediate,79,14,115,4,4,Moderate
OP1761,Equipment Setup,Night,New,50,7,80,5,6,High
OP1762,Quality Inspection,Night,Intermediate,75,11,111,5,3,Moderate
OP1763,Packaging,Day,Experienced,69,31,134,4,2,Low
OP1764,Quality Inspection,Day,New,82,2,141,1,0,Low
OP1765,Formation,Day,New,62,1,136,7,4,High
OP1766,Cell Loading,Night,New,75,5,146,2,1,Low
OP1767,Quality Inspection,Day,New,71,2,111,1,1,Low
OP1768,Cell Loading,Day,Experienced,83,29,144,4,2,Moderate
OP1769,Equipment Setup,Night,New,58,8,89,6,2,High
OP1770,Packaging,Day,Experienced,86,47,135,2,1,Low
OP1771,Formation,Day,Intermediate,73,17,111,0,0,Low
OP1772,Quality Inspection,Night,Intermediate,96,18,116,5,3,Moderate
OP1773,Cell Loading,Night,New,74,6,148,7,2,Moderate
OP1774,Quality Inspection,Night,Experienced,71,36,136,0,1,Low
OP1775,Cell Loading,Day,New,75,1,80,4,4,Moderate
OP1776,Formation,Night,Experienced,86,56,94,2,1,Moderate
OP1777,Cell Loading,Day,Experienced,89,58,98,2,0,Low
OP1778,Packaging,Night,New,59,6,108,4,4,High
OP1779,Quality Inspection,Day,New,77,1,83,4,1,Moderate
OP1780,Packaging,Day,Intermediate,70,17,107,1,0,Moderate
OP1781,Cell Loading,Night,Intermediate,69,11,116,6,2,High
OP1782,Packaging,Day,New,69,3,91,0,1,Low
OP1783,Formation,Day,New,77,5,147,3,0,Low
OP1784,Equipment Setup,Day,Intermediate,81,11,124,4,3,Moderate
OP1785,Packaging,Day,Intermediate,71,12,138,1,2,Low
OP1786,Equipment Setup,Night,Intermediate,75,23,84,3,0,Low
OP1787,Equipment Setup,Day,Intermediate,90,12,129,0,1,Low
OP1788,Quality Inspection,Night,Intermediate,84,15,85,4,3,Moderate
OP1789,Cell Loading,Night,New,76,5,136,3,0,High
OP1790,Equipment Setup,Day,Intermediate,74,21,141,5,4,Moderate
OP1791,Packaging,Night,Intermediate,88,24,80,3,3,Moderate
OP1792,Quality Inspection,Night,Intermediate,70,16,87,0,1,Low
OP1793,Quality Inspection,Day,Experienced,82,25,80,0,0,Low
OP1794,Cell Loading,Day,Experienced,83,55,94,0,0,Low
OP1795,Quality Inspection,Night,New,71,0,115,4,3,Low
OP1796,Quality Inspection,Night,Experienced,100,31,140,1,0,Low
OP1797,Quality Inspection,Night,Experienced,71,51,147,3,1,Moderate
OP1798,Cell Loading,Night,Experienced,88,49,105,4,4,High
OP1799,Packaging,Day,Experienced,85,25,111,0,1,Low
OP1800,Packaging,Day,Experienced,74,33,133,0,0,Low
OP1801,Equipment Setup,Day,Experienced,70,54,106,3,3,Moderate
OP1802,Cell Loading,Day,Intermediate,92,21,111,3,1,Low
OP1803,Quality Inspection,Night,Experienced,91,40,97,3,1,Low
OP1804,Packaging,Night,Experienced,79,35,85,0,0,Low
OP1805,Formation,Night,Experienced,81,30,91,1,0,Low
OP1806,Quality Inspection,Day,Experienced,92,37,107,3,1,Low
OP1807,Formation,Day,Experienced,77,28,110,4,2,Moderate
OP1808,Equipment Setup,Day,New,70,3,149,4,2,Moderate
OP1809,Equipment Setup,Day,New,61,4,91,5,4,High
OP1810,Formation,Day,Experienced,82,52,118,7,7,High
OP1811,Formation,Night,Experienced,94,39,124,1,0,Low
OP1812,Quality Inspection,Day,Experienced,89,57,95,3,3,Moderate
OP1813,Quality Inspection,Night,Experienced,78,31,145,0,0,Low
OP1814,Quality Inspection,Day,Intermediate,75,22,100,0,0,Low
OP1815,Quality Inspection,Night,Intermediate,70,9,90,8,3,High
OP1816,Equipment Setup,Day,Intermediate,98,16,121,3,0,Low
OP1817,Equipment Setup,Night,Intermediate,84,9,83,2,4,Moderate
OP1818,Formation,Night,Intermediate,70,15,125,1,1,Low
OP1819,Formation,Day,Experienced,100,44,126,2,1,Low
OP1820,Equipment Setup,Night,Intermediate,93,24,82,3,2,Moderate
OP1821,Cell Loading,Night,Experienced,78,29,115,4,3,Moderate
OP1822,Cell Loading,Day,New,59,3,82,5,3,High
OP1823,Cell Loading,Day,Experienced,97,41,134,3,3,Low
OP1824,Packaging,Day,Experienced,96,45,115,0,3,Low
OP1825,Quality Inspection,Night,Intermediate,72,21,112,4,2,Moderate
OP1826,Equipment Setup,Night,Intermediate,77,15,109,3,4,Moderate
OP1827,Cell Loading,Night,Experienced,82,38,110,4,5,High
OP1828,Equipment Setup,Night,New,63,6,112,4,4,High
OP1829,Packaging,Day,Intermediate,100,18,84,0,0,Moderate
OP1830,Cell Loading,Day,Intermediate,97,23,98,1,0,Low
OP1831,Packaging,Day,New,79,0,124,3,1,Moderate
OP1832,Formation,Day,Experienced,84,31,97,6,2,Moderate
OP1833,Cell Loading,Day,Experienced,87,46,92,3,2,Moderate
OP1834,Packaging,Day,Experienced,89,41,103,2,0,Low
OP1835,Quality Inspection,Day,Intermediate,79,20,135,5,3,Moderate
OP1836,Formation,Night,Experienced,76,44,138,5,4,Moderate
OP1837,Equipment Setup,Day,Intermediate,81,15,97,5,2,Moderate
OP1838,Cell Loading,Night,Intermediate,86,12,95,3,2,Low
OP1839,Equipment Setup,Day,Intermediate,81,16,110,5,3,Low
OP1840,Packaging,Day,Experienced,91,33,109,0,1,Low
OP1841,Packaging,Day,Experienced,86,58,144,0,2,Low
OP1842,Cell Loading,Night,Intermediate,71,10,110,2,1,Moderate
OP1843,Quality Inspection,Night,Intermediate,75,11,113,3,3,Moderate
OP1844,Equipment Setup,Night,New,73,1,141,2,1,Moderate
OP1845,Equipment Setup,Day,Experienced,79,54,123,4,0,Low
OP1846,Equipment Setup,Day,Experienced,93,57,92,2,2,Moderate
OP1847,Packaging,Night,New,53,7,97,1,0,Moderate
OP1848,Equipment Setup,Day,Intermediate,83,15,102,4,2,Low
OP1849,Cell Loading,Night,Intermediate,75,10,87,4,3,Moderate
OP1850,Formation,Night,New,62,3,88,3,2,High
OP1851,Equipment Setup,Day,New,61,3,89,8,4,High
OP1852,Packaging,Day,New,77,1,110,2,1,Low
OP1853,Formation,Night,Intermediate,78,22,91,2,0,Low
OP1854,Equipment Setup,Night,Experienced,79,52,90,4,2,Low
OP1855,Formation,Night,New,58,3,121,6,3,High
OP1856,Equipment Setup,Day,Experienced,100,44,140,2,0,Low
OP1857,Equipment Setup,Day,Intermediate,68,24,94,2,0,Low
OP1858,Packaging,Night,New,52,6,108,3,1,High
OP1859,Cell Loading,Night,Experienced,99,27,128,4,2,Moderate
OP1860,Cell Loading,Day,Intermediate,71,12,118,3,1,Low
OP1861,Cell Loading,Day,Experienced,100,59,113,0,0,Low
OP1862,Equipment Setup,Night,Experienced,100,38,83,2,2,Moderate
OP1863,Cell Loading,Night,Experienced,81,30,94,2,1,Low
OP1864,Formation,Night,New,75,2,145,4,0,High
OP1865,Quality Inspection,Night,Experienced,73,55,112,3,0,Moderate
OP1866,Cell Loading,Day,Intermediate,75,12,133,0,0,Low
OP1867,Formation,Day,Intermediate,80,24,120,2,2,Low
OP1868,Packaging,Night,Intermediate,84,14,132,4,3,Moderate
OP1869,Cell Loading,Day,Intermediate,86,14,81,1,1,Low
OP1870,Quality Inspection,Day,Experienced,100,37,89,4,3,Low
OP1871,Formation,Night,Experienced,76,28,127,1,1,Low
OP1872,Cell Loading,Day,New,52,4,98,6,4,High
OP1873,Packaging,Day,Experienced,89,36,112,3,0,Low
OP1874,Cell Loading,Day,Intermediate,76,10,113,2,2,Low
OP1875,Packaging,Night,New,67,5,140,1,0,Moderate
OP1876,Quality Inspection,Night,Intermediate,67,23,102,2,0,Low
OP1877,Packaging,Day,Intermediate,93,11,140,2,2,Low
OP1878,Packaging,Day,Experienced,81,36,114,0,0,Low
OP1879,Cell Loading,Day,Intermediate,84,16,81,4,3,Moderate
OP1880,Equipment Setup,Night,New,74,0,127,8,2,High
OP1881,Formation,Day,Experienced,96,57,115,5,2,Moderate
OP1882,Equipment Setup,Day,Experienced,97,54,121,2,1,Low
OP1883,Cell Loading,Night,Experienced,85,28,103,2,0,Low
OP1884,Quality Inspection,Night,Intermediate,73,22,148,2,1,Low
OP1885,Equipment Setup,Day,Experienced,87,26,119,5,5,Moderate
OP1886,Equipment Setup,Day,Intermediate,87,15,109,5,4,High
OP1887,Equipment Setup,Night,Intermediate,62,17,116,5,4,High
OP1888,Packaging,Night,New,75,4,146,2,3,Moderate
OP1889,Quality Inspection,Day,New,46,6,116,3,2,Low
OP1890,Equipment Setup,Day,New,55,5,107,3,4,High
OP1891,Quality Inspection,Night,Intermediate,66,22,138,5,3,High
OP1892,Quality Inspection,Day,New,60,4,107,3,2,High
OP1893,Quality Inspection,Day,Intermediate,69,24,80,2,1,Low
OP1894,Quality Inspection,Night,Intermediate,83,14,135,2,0,Moderate
OP1895,Packaging,Night,Experienced,83,26,109,0,0,Low
OP1896,Equipment Setup,Night,New,48,8,84,4,2,High
OP1897,Cell Loading,Night,Experienced,93,56,145,3,2,Low
OP1898,Cell Loading,Night,Experienced,75,28,82,4,4,Moderate
OP1899,Cell Loading,Night,Intermediate,96,21,80,3,0,Low
OP1900,Quality Inspection,Night,Intermediate,96,21,133,1,2,Low
OP1901,Packaging,Night,New,67,4,109,4,3,High
OP1902,Formation,Night,Experienced,98,28,118,0,0,Low
OP1903,Quality Inspection,Day,Intermediate,80,21,150,4,2,Low
OP1904,Packaging,Night,Experienced,94,40,125,1,0,Low
OP1905,Formation,Day,Intermediate,78,23,99,6,3,Moderate
OP1906,Cell Loading,Night,New,73,5,87,3,2,Moderate
OP1907,Formation,Night,Intermediate,91,20,123,3,6,Moderate
OP1908,Cell Loading,Day,Experienced,79,33,81,2,3,Low
OP1909,Equipment Setup,Day,New,53,3,126,5,3,High
OP1910,Quality Inspection,Night,Experienced,70,30,137,2,1,Moderate
OP1911,Packaging,Night,Intermediate,75,11,80,2,3,Low
OP1912,Quality Inspection,Day,Experienced,95,26,123,0,0,Low
OP1913,Formation,Night,Experienced,93,39,143,1,1,Low
OP1914,Equipment Setup,Night,New,78,2,91,5,3,High
OP1915,Cell Loading,Day,Intermediate,75,11,101,2,2,Low
OP1916,Packaging,Day,New,74,2,108,5,5,High
OP1917,Quality Inspection,Night,Intermediate,83,24,126,5,3,Moderate
OP1918,Quality Inspection,Night,Intermediate,88,11,126,1,0,Low
OP1919,Packaging,Day,Experienced,97,58,89,5,1,Low
OP1920,Formation,Night,Intermediate,86,14,108,3,2,Low
OP1921,Formation,Day,Experienced,91,59,113,4,4,Moderate
OP1922,Packaging,Night,Experienced,96,40,93,0,0,Low
OP1923,Packaging,Day,Experienced,95,43,122,2,0,Low
OP1924,Cell Loading,Day,Experienced,85,46,92,1,0,Low
OP1925,Equipment Setup,Night,Experienced,74,45,110,3,2,Low
OP1926,Cell Loading,Day,New,86,4,90,4,5,Moderate
OP1927,Quality Inspection,Night,Experienced,82,34,97,2,1,Low
OP1928,Formation,Night,Intermediate,84,21,128,1,2,Low
OP1929,Equipment Setup,Day,Experienced,94,25,125,0,0,Low
OP1930,Formation,Day,Experienced,92,54,143,4,2,Moderate
OP1931,Formation,Day,Experienced,98,30,85,0,3,Low
OP1932,Equipment Setup,Night,New,70,10,103,8,3,High
OP1933,Quality Inspection,Night,Intermediate,68,21,82,2,2,Moderate
OP1934,Packaging,Day,New,60,6,97,2,0,Moderate
OP1935,Quality Inspection,Night,Intermediate,65,16,96,3,1,Moderate
OP1936,Cell Loading,Night,New,45,4,90,7,4,Low
OP1937,Packaging,Night,Experienced,85,60,95,2,4,Moderate
OP1938,Equipment Setup,Day,Intermediate,76,11,87,4,3,Moderate
OP1939,Quality Inspection,Night,New,54,8,132,5,2,High
OP1940,Equipment Setup,Day,Experienced,100,35,80,4,4,Moderate
OP1941,Cell Loading,Day,Intermediate,74,19,134,1,1,Moderate
OP1942,Equipment Setup,Day,Intermediate,78,17,140,2,2,Moderate
OP1943,Quality Inspection,Night,Experienced,93,46,142,1,3,Moderate
OP1944,Packaging,Night,Experienced,93,35,95,0,0,Low
OP1945,Packaging,Night,Intermediate,73,19,94,1,0,Low
OP1946,Formation,Day,Intermediate,98,14,84,5,2,Low
OP1947,Cell Loading,Day,Experienced,90,34,107,1,2,Low
OP1948,Equipment Setup,Night,Intermediate,86,10,106,3,2,Moderate
OP1949,Packaging,Day,Intermediate,85,16,142,3,2,Low
OP1950,Cell Loading,Night,New,73,6,131,2,2,Moderate
OP1951,Cell Loading,Night,Experienced,100,44,147,3,1,Low
OP1952,Packaging,Day,New,67,1,107,1,2,Moderate
OP1953,Packaging,Day,New,65,2,127,1,1,Moderate
OP1954,Formation,Night,Experienced,81,30,144,0,0,Low
OP1955,Packaging,Night,New,74,4,134,5,1,Moderate
OP1956,Packaging,Night,Intermediate,63,23,84,1,0,Low
OP1957,Cell Loading,Night,New,63,6,102,7,4,High
OP1958,Quality Inspection,Night,Experienced,98,40,139,3,4,Moderate
OP1959,Packaging,Night,Intermediate,73,16,113,1,0,Low
OP1960,Quality Inspection,Night,New,61,5,122,6,4,High
OP1961,Cell Loading,Day,Experienced,83,59,124,0,0,Low
OP1962,Quality Inspection,Day,New,77,8,104,5,3,High
OP1963,Packaging,Night,New,71,0,92,3,5,High
OP1964,Cell Loading,Night,New,66,5,107,4,2,High
OP1965,Formation,Night,New,77,6,85,4,0,Moderate
OP1966,Equipment Setup,Day,Intermediate,90,22,120,5,2,Moderate
OP1967,Packaging,Day,Experienced,81,52,105,2,0,Low
OP1968,Equipment Setup,Night,New,55,0,90,5,4,High
OP1969,Cell Loading,Day,New,75,6,143,0,0,Low
OP1970,Quality Inspection,Night,Intermediate,85,11,81,2,3,Low
OP1971,Packaging,Night,Experienced,85,60,123,4,6,High
OP1972,Packaging,Day,New,60,8,93,3,2,Moderate
OP1973,Cell Loading,Day,Intermediate,87,14,93,0,0,Low
OP1974,Equipment Setup,Night,Intermediate,71,19,127,3,3,High
OP1975,Packaging,Day,New,60,1,123,5,3,High
OP1976,Formation,Day,Intermediate,81,12,134,6,3,Moderate
OP1977,Quality Inspection,Day,Intermediate,86,13,146,2,2,Low
OP1978,Cell Loading,Day,Experienced,83,25,130,2,0,Low
OP1979,Formation,Night,Experienced,92,55,128,4,3,Moderate
OP1980,Quality Inspection,Day,Experienced,92,56,146,4,3,Moderate
OP1981,Equipment Setup,Day,New,70,2,131,4,3,Low
OP1982,Cell Loading,Day,Intermediate,71,17,142,0,0,Low
OP1983,Formation,Night,Experienced,80,32,92,5,6,Moderate
OP1984,Cell Loading,Day,Experienced,100,40,97,6,3,Moderate
OP1985,Cell Loading,Day,New,60,0,115,3,2,High
OP1986,Equipment Setup,Day,Experienced,86,44,80,1,0,Low
OP1987,Formation,Night,Intermediate,85,17,95,4,2,Moderate
OP1988,Equipment Setup,Day,New,78,5,141,3,3,Moderate
OP1989,Equipment Setup,Night,New,67,7,124,3,2,Moderate
OP1990,Quality Inspection,Day,Intermediate,80,21,121,0,0,Low
OP1991,Equipment Setup,Night,Experienced,92,50,81,2,2,Moderate
OP1992,Quality Inspection,Day,Experienced,85,55,113,2,0,Low
OP1993,Packaging,Night,Experienced,82,41,149,1,2,Low
OP1994,Cell Loading,Day,Intermediate,100,20,100,0,0,Low
OP1995,Packaging,Night,Experienced,87,51,140,0,2,Low
OP1996,Cell Loading,Night,New,60,6,83,6,2,High
OP1997,Quality Inspection,Night,Experienced,78,25,103,6,2,Moderate
OP1998,Quality Inspection,Night,New,66,7,85,4,3,High
OP1999,Cell Loading,Night,New,74,7,88,3,2,Moderate
OP2000,Equipment Setup,Night,New,41,0,104,6,4,High
OP2001,Equipment Setup,Day,Intermediate,81,23,128,0,0,Low
OP2002,Cell Loading,Day,Intermediate,81,21,97,4,2,High
OP2003,Packaging,Night,Intermediate,58,19,93,5,4,High
OP2004,Packaging,Night,Experienced,69,34,132,6,4,High
OP2005,Formation,Night,Intermediate,69,22,83,3,2,Moderate
OP2006,Formation,Night,New,58,1,106,3,3,High
OP2007,Quality Inspection,Night,New,69,8,100,4,1,Moderate
OP2008,Equipment Setup,Night,Intermediate,95,12,144,4,3,Moderate
OP2009,Cell Loading,Night,Intermediate,94,11,90,2,0,Low
OP2010,Quality Inspection,Day,Experienced,89,29,96,1,0,Low
OP2011,Packaging,Day,Intermediate,82,23,130,4,3,Moderate
OP2012,Cell Loading,Day,New,74,5,107,3,1,Low
OP2013,Packaging,Night,Intermediate,74,13,123,1,1,Low
OP2014,Equipment Setup,Night,Intermediate,78,24,96,2,2,Low
OP2015,Packaging,Day,New,68,2,114,0,0,Low
OP2016,Formation,Night,Intermediate,80,20,136,5,0,Low
OP2017,Quality Inspection,Night,Experienced,97,54,103,1,3,Low
OP2018,Equipment Setup,Day,Intermediate,79,16,140,6,4,High
OP2019,Quality Inspection,Night,New,62,4,118,3,1,Moderate
OP2020,Formation,Night,Experienced,76,44,100,1,0,Low
OP2021,Equipment Setup,Day,Experienced,78,33,86,1,0,Low
OP2022,Quality Inspection,Day,Intermediate,81,13,97,4,2,Low
OP2023,Equipment Setup,Day,New,73,1,87,6,2,High
OP2024,Quality Inspection,Day,Experienced,100,50,122,2,1,Moderate
OP2025,Packaging,Day,Experienced,86,39,114,0,0,Low
OP2026,Packaging,Night,Experienced,88,55,82,2,2,Moderate
OP2027,Packaging,Night,Experienced,100,40,82,0,0,Low
OP2028,Packaging,Night,New,72,8,86,5,3,High
OP2029,Equipment Setup,Night,Intermediate,71,10,108,2,1,Low
OP2030,Cell Loading,Day,Experienced,78,47,122,3,2,Moderate
OP2031,Cell Loading,Day,New,66,7,106,8,5,High
OP2032,Quality Inspection,Night,New,70,8,124,4,3,Moderate
OP2033,Cell Loading,Night,New,89,0,148,4,2,High
OP2034,Packaging,Day,New,65,4,100,3,1,Moderate
OP2035,Equipment Setup,Day,Experienced,95,58,124,4,2,Moderate
OP2036,Formation,Night,New,54,7,130,8,5,High
OP2037,Cell Loading,Night,Intermediate,68,9,89,1,0,Moderate
OP2038,Cell Loading,Day,Experienced,81,25,117,1,0,Low
OP2039,Packaging,Night,Intermediate,76,23,83,4,2,Moderate
OP2040,Packaging,Night,Experienced,85,28,147,5,4,High
OP2041,Quality Inspection,Day,Intermediate,100,16,140,1,0,Low
OP2042,Equipment Setup,Day,Experienced,73,27,148,7,4,Low
OP2043,Cell Loading,Night,New,71,0,137,4,3,High
OP2044,Formation,Day,New,73,6,127,3,1,High
OP2045,Cell Loading,Night,Intermediate,65,11,128,0,0,Low
OP2046,Formation,Day,Intermediate,83,20,126,5,3,Moderate
OP2047,Formation,Day,Experienced,89,53,84,4,4,Low
OP2048,Quality Inspection,Night,Intermediate,84,15,141,4,2,Low
OP2049,Packaging,Night,Experienced,98,25,127,3,1,Low
OP2050,Formation,Day,Experienced,59,60,138,2,0,Low
OP2051,Quality Inspection,Day,New,76,4,83,4,2,Moderate
OP2052,Formation,Night,Experienced,86,42,120,2,1,Low
OP2053,Quality Inspection,Day,Intermediate,78,21,121,2,1,Low
OP2054,Packaging,Day,Intermediate,89,23,103,0,0,Low
OP2055,Packaging,Day,Experienced,68,35,123,3,2,Low
OP2056,Equipment Setup,Day,Intermediate,75,18,128,3,1,Low
OP2057,Equipment Setup,Night,Experienced,90,43,99,3,4,Moderate
OP2058,Quality Inspection,Day,Intermediate,78,10,94,4,3,Moderate
OP2059,Equipment Setup,Day,Experienced,92,32,80,2,2,Low
OP2060,Formation,Day,Experienced,86,33,98,1,0,Low
OP2061,Cell Loading,Night,New,74,0,146,7,7,Moderate
OP2062,Formation,Day,New,67,1,119,4,1,Moderate
OP2063,Packaging,Day,Experienced,88,49,138,1,0,Low
OP2064,Quality Inspection,Night,Intermediate,91,13,140,3,2,Low
OP2065,Cell Loading,Day,Experienced,76,53,147,0,1,Low
OP2066,Equipment Setup,Night,New,63,6,108,5,3,High
OP2067,Formation,Day,Intermediate,78,21,83,5,3,Moderate
OP2068,Cell Loading,Night,New,80,4,139,6,4,High
OP2069,Equipment Setup,Night,Intermediate,84,11,83,8,4,Moderate
OP2070,Cell Loading,Night,Intermediate,85,18,136,0,2,Low
OP2071,Equipment Setup,Night,Experienced,100,27,116,2,5,Moderate
OP2072,Cell Loading,Day,New,76,8,123,2,2,Moderate
OP2073,Formation,Day,Experienced,100,48,87,1,2,Low
OP2074,Cell Loading,Night,Experienced,97,55,107,8,7,High
OP2075,Cell Loading,Night,Intermediate,86,13,124,4,1,Low
OP2076,Quality Inspection,Night,Intermediate,73,11,115,2,2,Low
OP2077,Equipment Setup,Night,Intermediate,75,10,141,6,2,High
OP2078,Cell Loading,Night,New,80,8,131,2,0,Low
OP2079,Formation,Night,Experienced,100,45,110,2,2,Moderate
OP2080,Quality Inspection,Day,Intermediate,79,13,83,2,3,High
OP2081,Formation,Day,New,57,5,138,5,3,High
OP2082,Cell Loading,Day,Experienced,72,29,104,2,0,Moderate
OP2083,Equipment Setup,Day,Experienced,82,60,107,4,3,Moderate
OP2084,Quality Inspection,Day,Experienced,100,51,133,0,2,Moderate
OP2085,Equipment Setup,Day,Experienced,84,26,130,3,1,Low
OP2086,Formation,Day,New,58,4,110,3,2,High
OP2087,Formation,Night,Experienced,86,52,88,2,0,Low
OP2088,Cell Loading,Night,Experienced,83,31,121,5,4,Moderate
OP2089,Equipment Setup,Night,Experienced,71,41,134,4,1,Moderate
OP2090,Packaging,Day,New,82,6,121,1,0,Low
OP2091,Packaging,Day,Experienced,96,49,141,2,1,Moderate
OP2092,Quality Inspection,Day,Intermediate,80,12,130,0,0,Low
OP2093,Formation,Day,New,57,5,142,3,2,High
OP2094,Packaging,Night,Experienced,78,45,98,1,0,Low
OP2095,Quality Inspection,Day,Experienced,71,58,130,4,2,Moderate
OP2096,Cell Loading,Day,New,69,0,84,7,4,High
OP2097,Packaging,Day,Intermediate,81,16,94,4,3,Moderate
OP2098,Cell Loading,Night,Experienced,87,43,80,4,1,Low
OP2099,Equipment Setup,Night,Intermediate,72,11,106,2,1,Low
OP2100,Formation,Day,Experienced,77,27,112,1,2,Moderate
OP2101,Formation,Day,New,75,0,84,5,4,High
OP2102,Cell Loading,Night,New,54,7,98,2,0,Moderate
OP2103,Quality Inspection,Night,New,64,6,140,4,1,High
OP2104,Packaging,Day,Experienced,80,49,80,3,0,Low
OP2105,Equipment Setup,Day,New,69,1,132,5,2,High
OP2106,Packaging,Day,Experienced,94,51,104,1,1,Low
OP2107,Cell Loading,Day,New,66,8,104,6,3,High
OP2108,Packaging,Night,Experienced,100,36,93,1,2,Low
OP2109,Packaging,Night,Experienced,73,54,85,3,5,High
OP2110,Packaging,Day,Experienced,75,55,119,1,2,Low
OP2111,Packaging,Night,Experienced,81,43,121,2,0,Low
OP2112,Formation,Day,Experienced,98,53,119,1,0,Low
OP2113,Packaging,Night,Experienced,79,31,147,0,0,Low
OP2114,Cell Loading,Day,New,50,3,128,2,1,Moderate
OP2115,Formation,Day,Experienced,88,58,143,2,4,Moderate
OP2116,Quality Inspection,Day,Intermediate,71,19,108,1,0,Low
OP2117,Packaging,Day,Intermediate,95,21,113,2,0,Low
OP2118,Equipment Setup,Day,Experienced,81,55,118,2,1,Moderate
OP2119,Packaging,Night,Intermediate,59,10,97,1,2,Moderate
OP2120,Packaging,Day,Experienced,82,26,145,0,0,Low
OP2121,Equipment Setup,Day,Intermediate,83,22,108,5,2,Moderate
OP2122,Equipment Setup,Night,Experienced,80,38,106,4,0,Moderate
OP2123,Quality Inspection,Night,Experienced,74,31,83,2,1,Low
OP2124,Cell Loading,Night,Intermediate,85,16,96,2,1,Moderate
OP2125,Cell Loading,Day,Experienced,81,33,105,3,3,Low
OP2126,Quality Inspection,Day,Intermediate,66,10,141,2,0,Moderate
OP2127,Formation,Day,Experienced,71,45,85,3,1,Low
OP2128,Packaging,Night,Experienced,89,48,100,1,0,Low
OP2129,Cell Loading,Night,Experienced,84,25,93,3,1,Moderate
OP2130,Formation,Night,Intermediate,76,18,112,3,0,Moderate
OP2131,Formation,Day,Experienced,80,38,142,3,0,Low
OP2132,Quality Inspection,Night,Experienced,85,37,132,3,0,Low
OP2133,Quality Inspection,Night,Experienced,73,34,103,3,1,Low
OP2134,Quality Inspection,Day,Intermediate,91,10,88,1,0,Moderate
OP2135,Cell Loading,Night,Intermediate,61,10,128,4,3,Moderate
OP2136,Equipment Setup,Day,Experienced,71,35,98,5,3,Moderate
OP2137,Cell Loading,Day,Experienced,91,27,98,0,0,Moderate
OP2138,Equipment Setup,Night,Intermediate,87,23,104,3,1,Low
OP2139,Formation,Day,Experienced,85,35,117,2,3,Low
OP2140,Quality Inspection,Night,New,63,6,113,1,0,Moderate
OP2141,Packaging,Day,Intermediate,73,15,143,0,0,Low
OP2142,Quality Inspection,Night,Intermediate,81,23,145,2,0,Low
OP2143,Cell Loading,Night,Intermediate,99,13,128,2,2,Low
OP2144,Quality Inspection,Day,Intermediate,92,21,131,2,4,Moderate
OP2145,Packaging,Day,New,74,8,113,4,3,Moderate
OP2146,Quality Inspection,Day,New,77,1,82,2,3,Moderate
OP2147,Equipment Setup,Night,Intermediate,91,12,87,2,2,Moderate
OP2148,Quality Inspection,Night,Intermediate,98,13,121,4,5,High
OP2149,Formation,Day,Experienced,73,28,83,2,1,Low
OP2150,Cell Loading,Day,New,78,0,140,7,2,Moderate
OP2151,Quality Inspection,Night,Experienced,97,52,112,2,0,Low
OP2152,Packaging,Day,New,61,1,107,5,5,High
OP2153,Packaging,Day,Experienced,100,37,109,3,0,Low
OP2154,Equipment Setup,Night,Intermediate,84,12,147,3,1,Low
OP2155,Packaging,Day,Experienced,82,58,90,1,2,Moderate
OP2156,Equipment Setup,Night,New,74,0,135,6,3,High
OP2157,Quality Inspection,Day,New,86,1,146,1,2,Low
OP2158,Equipment Setup,Night,Intermediate,77,14,144,2,3,Moderate
OP2159,Cell Loading,Night,Experienced,88,55,113,4,4,Moderate
OP2160,Packaging,Night,Intermediate,77,14,150,0,0,Low
OP2161,Packaging,Night,Experienced,75,41,80,1,2,Low
OP2162,Packaging,Night,Experienced,84,36,123,2,2,Low
OP2163,Cell Loading,Night,Intermediate,64,22,149,0,0,Low
OP2164,Packaging,Day,New,72,0,107,0,0,Low
OP2165,Equipment Setup,Night,New,91,7,106,4,5,High
OP2166,Equipment Setup,Night,Experienced,85,55,132,1,4,Low
OP2167,Quality Inspection,Day,Experienced,100,40,139,3,2,Low
OP2168,Formation,Night,New,65,2,136,5,5,High
OP2169,Quality Inspection,Day,Intermediate,64,14,133,3,2,Moderate
OP2170,Formation,Night,Intermediate,75,14,130,2,0,Moderate
OP2171,Equipment Setup,Night,Intermediate,67,21,90,3,2,Moderate
OP2172,Formation,Day,Experienced,82,58,120,4,2,Low
OP2173,Equipment Setup,Night,New,84,8,137,6,2,High
OP2174,Equipment Setup,Night,New,73,2,135,4,0,Moderate
OP2175,Quality Inspection,Night,Intermediate,64,13,103,1,1,Moderate
OP2176,Equipment Setup,Night,Intermediate,82,16,80,3,2,Moderate
OP2177,Packaging,Night,Intermediate,96,19,137,0,0,Low
OP2178,Equipment Setup,Night,New,74,2,96,2,0,Moderate
OP2179,Formation,Night,Experienced,83,39,146,0,0,Low
OP2180,Quality Inspection,Day,Intermediate,82,12,88,2,0,Low
OP2181,Quality Inspection,Night,New,73,6,81,2,4,High
OP2182,Quality Inspection,Day,New,70,2,116,4,1,High
OP2183,Quality Inspection,Day,New,74,6,120,1,0,Moderate
OP2184,Equipment Setup,Night,New,68,1,145,9,5,High
OP2185,Formation,Night,New,58,3,150,5,2,High
OP2186,Cell Loading,Night,Intermediate,81,15,137,3,0,Low
OP2187,Quality Inspection,Night,Experienced,96,48,125,3,1,Moderate
OP2188,Cell Loading,Night,New,51,1,116,4,1,High
OP2189,Packaging,Day,Experienced,100,48,147,0,0,Low
OP2190,Formation,Day,New,74,5,87,2,3,Moderate
OP2191,Quality Inspection,Night,Intermediate,79,9,104,3,1,Moderate
OP2192,Packaging,Night,New,85,2,82,6,5,High
OP2193,Equipment Setup,Day,Intermediate,67,14,87,3,1,Low
OP2194,Cell Loading,Day,Intermediate,77,26,94,2,0,Moderate
OP2195,Packaging,Night,Intermediate,76,15,139,1,1,Low
OP2196,Formation,Day,New,89,2,144,2,1,Moderate
OP2197,Packaging,Day,New,81,8,147,2,0,Low
OP2198,Equipment Setup,Day,Experienced,98,27,121,3,0,Low
OP2199,Quality Inspection,Day,New,60,6,118,6,3,Low
OP2200,Equipment Setup,Day,Experienced,91,57,83,3,1,Moderate
OP2201,Cell Loading,Night,Experienced,70,41,112,4,1,Moderate
OP2202,Cell Loading,Night,Experienced,95,54,106,0,1,Low
OP2203,Equipment Setup,Day,New,78,0,83,7,4,High
OP2204,Quality Inspection,Night,New,75,5,130,5,1,Moderate
OP2205,Cell Loading,Day,Experienced,85,25,81,2,0,Low
OP2206,Cell Loading,Day,New,79,4,123,4,3,Moderate
OP2207,Equipment Setup,Day,Experienced,85,35,143,4,4,High
OP2208,Packaging,Night,Experienced,80,47,133,5,6,Moderate
OP2209,Cell Loading,Day,Intermediate,71,15,104,3,2,Low
OP2210,Packaging,Night,Intermediate,86,17,130,2,1,Low
OP2211,Formation,Night,Intermediate,76,14,125,3,1,Low
OP2212,Packaging,Night,New,59,1,89,0,0,Moderate
OP2213,Formation,Day,Experienced,79,29,82,3,1,Low
OP2214,Cell Loading,Night,Intermediate,100,16,109,1,2,Moderate
OP2215,Packaging,Night,Intermediate,73,19,83,8,6,High
OP2216,Cell Loading,Day,Intermediate,95,13,140,2,1,Low
OP2217,Quality Inspection,Day,Intermediate,65,16,121,3,0,Moderate
OP2218,Equipment Setup,Day,Intermediate,77,17,113,4,3,Low
OP2219,Equipment Setup,Night,Intermediate,95,15,81,3,1,Low
OP2220,Formation,Night,Experienced,78,47,122,1,2,Low
OP2221,Quality Inspection,Night,Experienced,89,33,94,0,2,Low
OP2222,Quality Inspection,Day,Intermediate,72,23,120,0,0,Low
OP2223,Cell Loading,Day,Experienced,83,52,91,1,0,Low
OP2224,Formation,Day,Experienced,87,43,89,4,3,Moderate
OP2225,Equipment Setup,Night,Intermediate,81,11,120,3,0,Moderate
OP2226,Cell Loading,Night,New,58,8,95,2,2,High
OP2227,Quality Inspection,Night,Experienced,98,55,88,4,1,Moderate
OP2228,Equipment Setup,Night,New,69,0,95,8,4,High
OP2229,Formation,Day,Experienced,86,57,118,4,4,Low
OP2230,Equipment Setup,Night,Experienced,91,36,143,2,3,Moderate
OP2231,Cell Loading,Night,New,77,5,83,3,1,Low
OP2232,Quality Inspection,Night,Intermediate,77,9,106,5,3,High
OP2233,Quality Inspection,Day,Intermediate,77,21,93,2,1,Moderate
OP2234,Equipment Setup,Day,Intermediate,67,16,145,1,0,Low
OP2235,Equipment Setup,Day,New,68,7,145,4,4,High
OP2236,Packaging,Night,Experienced,77,36,116,3,2,Moderate
OP2237,Cell Loading,Night,Intermediate,91,20,144,8,6,High
OP2238,Formation,Day,Intermediate,84,13,102,4,3,Moderate
OP2239,Quality Inspection,Night,Intermediate,80,20,139,3,0,Low
OP2240,Quality Inspection,Night,New,68,2,96,2,0,Moderate
OP2241,Equipment Setup,Day,New,74,5,132,3,1,Moderate
OP2242,Cell Loading,Night,Experienced,87,35,108,3,2,Moderate
OP2243,Formation,Day,New,72,3,86,6,3,High
OP2244,Cell Loading,Night,New,60,3,148,2,0,Moderate
OP2245,Formation,Day,Intermediate,79,24,139,3,2,Low
OP2246,Formation,Night,Experienced,71,49,125,6,3,Moderate
OP2247,Quality Inspection,Day,Intermediate,86,14,98,1,0,Low
OP2248,Packaging,Day,Intermediate,75,13,84,1,0,Low
OP2249,Equipment Setup,Day,Experienced,93,30,145,1,2,Moderate
OP2250,Formation,Day,Intermediate,80,21,147,1,0,Low
OP2251,Cell Loading,Night,Intermediate,77,24,134,3,3,Moderate
OP2252,Cell Loading,Night,New,57,7,131,5,2,High
OP2253,Quality Inspection,Day,Intermediate,85,17,105,1,0,Low
OP2254,Packaging,Day,New,77,0,91,3,2,High
OP2255,Cell Loading,Night,Experienced,93,39,139,3,3,Moderate
OP2256,Quality Inspection,Night,Intermediate,76,11,95,3,3,Moderate
OP2257,Formation,Night,New,65,2,105,3,1,Moderate
OP2258,Quality Inspection,Day,Experienced,76,26,117,2,2,Low
OP2259,Equipment Setup,Day,New,71,5,133,2,2,High
OP2260,Cell Loading,Night,Experienced,83,28,83,6,3,Moderate
OP2261,Equipment Setup,Day,Intermediate,70,18,149,0,0,Low
OP2262,Quality Inspection,Night,Experienced,80,55,145,3,1,Low
OP2263,Quality Inspection,Day,Intermediate,84,16,147,1,1,Low
OP2264,Formation,Day,Intermediate,87,15,119,3,1,Moderate
OP2265,Equipment Setup,Day,New,70,6,95,2,0,Moderate
OP2266,Cell Loading,Night,Experienced,88,47,88,0,0,Low
OP2267,Packaging,Day,Intermediate,72,16,133,1,0,Low
OP2268,Formation,Day,New,54,5,81,5,2,High
OP2269,Packaging,Night,Experienced,97,31,129,1,0,Low
OP2270,Cell Loading,Night,Experienced,98,49,108,3,1,Low
OP2271,Quality Inspection,Night,New,57,0,106,3,0,High
OP2272,Packaging,Day,Intermediate,71,12,108,4,3,Moderate
OP2273,Packaging,Day,Experienced,100,27,113,2,1,Low
OP2274,Quality Inspection,Night,Intermediate,95,20,131,2,0,Low
OP2275,Quality Inspection,Day,Experienced,100,39,127,3,1,Low
OP2276,Formation,Day,Intermediate,85,12,109,5,2,Low
OP2277,Formation,Day,Intermediate,82,24,99,3,4,Moderate
OP2278,Equipment Setup,Day,Experienced,93,49,150,2,1,Low
OP2279,Formation,Day,Experienced,93,38,115,3,0,Low
OP2280,Quality Inspection,Day,Experienced,80,29,84,2,0,Low
OP2281,Packaging,Night,Intermediate,92,22,144,5,4,Moderate
OP2282,Equipment Setup,Day,Experienced,87,59,142,5,2,Moderate
OP2283,Equipment Setup,Day,Intermediate,85,20,135,5,5,Moderate
OP2284,Quality Inspection,Day,Experienced,89,47,116,4,0,Low
OP2285,Packaging,Night,Experienced,100,45,96,0,0,Low
OP2286,Equipment Setup,Night,Intermediate,86,15,131,6,3,Moderate
OP2287,Quality Inspection,Night,Experienced,77,32,117,3,2,Moderate
OP2288,Cell Loading,Night,New,61,2,129,7,6,High
OP2289,Equipment Setup,Night,Experienced,100,29,123,3,2,Moderate
OP2290,Formation,Day,Experienced,82,57,109,2,1,Low
OP2291,Formation,Day,Experienced,67,34,108,2,0,Low
OP2292,Formation,Night,Intermediate,62,17,141,2,0,Low
OP2293,Cell Loading,Day,Experienced,91,52,142,0,0,Low
OP2294,Formation,Day,Experienced,81,49,124,7,3,Moderate
OP2295,Cell Loading,Night,Intermediate,81,24,96,0,1,Low
OP2296,Quality Inspection,Day,Intermediate,80,18,121,3,4,Low
OP2297,Cell Loading,Day,Intermediate,75,16,147,4,4,Moderate
OP2298,Quality Inspection,Night,Experienced,85,59,144,2,1,Low
OP2299,Packaging,Day,New,64,3,104,6,5,High
OP2300,Quality Inspection,Night,Experienced,89,30,95,5,1,Moderate
OP2301,Cell Loading,Night,Experienced,85,47,88,0,0,Low
OP2302,Cell Loading,Day,Experienced,71,53,83,3,1,Low
OP2303,Packaging,Day,Intermediate,72,24,150,1,0,Low
OP2304,Equipment Setup,Night,New,61,2,112,4,0,High
OP2305,Quality Inspection,Night,Intermediate,81,10,103,3,3,Low
OP2306,Formation,Night,Experienced,88,58,140,2,1,Moderate
OP2307,Quality Inspection,Night,Intermediate,59,9,100,5,1,High
OP2308,Equipment Setup,Day,New,59,3,148,5,2,High
OP2309,Quality Inspection,Night,Experienced,86,38,126,0,0,Low
OP2310,Quality Inspection,Night,New,83,4,113,4,1,High
OP2311,Equipment Setup,Day,New,84,8,124,8,6,High
OP2312,Equipment Setup,Day,Intermediate,80,9,128,0,1,Low
OP2313,Packaging,Night,Experienced,79,60,101,3,2,Low
OP2314,Quality Inspection,Day,Experienced,89,50,139,2,0,Low
OP2315,Packaging,Night,New,68,4,124,4,5,High
OP2316,Cell Loading,Night,Experienced,77,33,142,1,3,Low
OP2317,Cell Loading,Day,Intermediate,84,9,112,1,0,Low
OP2318,Equipment Setup,Night,New,68,6,82,2,0,Low
OP2319,Formation,Night,Experienced,83,55,128,2,1,Moderate
OP2320,Formation,Day,Experienced,84,54,87,5,3,Low
OP2321,Cell Loading,Night,Experienced,89,55,136,2,1,Low
OP2322,Packaging,Day,Experienced,91,54,132,4,3,Moderate
OP2323,Equipment Setup,Night,Experienced,71,27,105,5,4,Moderate
OP2324,Equipment Setup,Night,Experienced,86,37,86,7,4,High
OP2325,Quality Inspection,Night,Intermediate,63,17,129,1,0,Moderate
OP2326,Cell Loading,Night,Experienced,85,41,83,1,1,Low
OP2327,Formation,Night,Experienced,83,58,113,3,2,Moderate
OP2328,Formation,Night,Intermediate,73,20,131,5,4,High
OP2329,Equipment Setup,Night,Intermediate,79,10,108,3,3,Moderate
OP2330,Quality Inspection,Day,New,77,4,98,3,0,Low
OP2331,Equipment Setup,Night,New,55,4,130,7,2,High
OP2332,Cell Loading,Night,Intermediate,61,19,116,1,3,High
OP2333,Quality Inspection,Day,Intermediate,75,12,118,3,2,Low
OP2334,Cell Loading,Day,Experienced,90,26,121,3,1,Low
OP2335,Equipment Setup,Day,Experienced,97,26,103,2,2,Low
OP2336,Quality Inspection,Night,New,46,1,100,3,2,High
OP2337,Cell Loading,Day,New,64,7,146,8,2,High
OP2338,Quality Inspection,Night,Experienced,81,57,85,2,1,Low
OP2339,Formation,Night,Intermediate,62,27,136,3,2,Moderate
OP2340,Packaging,Night,New,67,5,96,0,0,Low
OP2341,Quality Inspection,Day,Experienced,92,49,90,0,1,Low
OP2342,Packaging,Day,Intermediate,67,19,103,2,3,Moderate
OP2343,Formation,Night,New,67,0,96,2,0,Moderate
OP2344,Cell Loading,Day,Intermediate,92,21,83,1,0,Low
OP2345,Formation,Day,Experienced,93,38,125,3,4,Moderate
OP2346,Equipment Setup,Day,Experienced,93,49,118,5,4,High
OP2347,Formation,Night,Intermediate,83,18,142,0,0,Low
OP2348,Packaging,Night,New,64,1,104,3,3,High
OP2349,Cell Loading,Night,Experienced,91,31,133,3,0,Moderate
OP2350,Cell Loading,Day,Experienced,96,32,122,0,0,Low
OP2351,Packaging,Day,Experienced,90,43,121,1,0,Low
OP2352,Cell Loading,Night,New,74,6,106,5,2,High
OP2353,Equipment Setup,Day,Experienced,86,53,137,0,0,Low
OP2354,Formation,Day,New,65,7,111,6,3,High
OP2355,Packaging,Night,Experienced,84,43,139,5,2,Moderate
OP2356,Equipment Setup,Night,Experienced,91,56,83,4,4,Moderate
OP2357,Formation,Night,Intermediate,87,13,130,1,3,Moderate
OP2358,Cell Loading,Night,New,50,0,110,4,2,High
OP2359,Packaging,Night,Experienced,62,32,106,0,2,Low
OP2360,Equipment Setup,Day,Intermediate,61,20,91,7,1,High
OP2361,Formation,Night,New,53,5,138,4,2,High
OP2362,Cell Loading,Day,Experienced,82,55,83,2,3,Low
OP2363,Cell Loading,Day,New,73,5,116,6,3,High
OP2364,Equipment Setup,Night,New,60,0,149,2,1,High
OP2365,Formation,Day,Intermediate,76,18,132,3,0,Moderate
OP2366,Formation,Day,Intermediate,69,11,135,6,2,High
OP2367,Packaging,Day,Intermediate,76,15,135,0,1,Low
OP2368,Quality Inspection,Night,Experienced,89,44,137,4,2,Moderate
OP2369,Equipment Setup,Day,Experienced,89,46,135,1,2,Low
OP2370,Equipment Setup,Day,Experienced,100,49,133,2,2,Low
OP2371,Equipment Setup,Day,Experienced,86,34,97,3,3,Moderate
OP2372,Quality Inspection,Night,New,66,6,118,5,6,High
OP2373,Cell Loading,Day,Experienced,80,46,121,1,0,Low
OP2374,Quality Inspection,Night,Intermediate,57,9,96,6,3,High
OP2375,Packaging,Night,New,68,6,93,3,3,Low
OP2376,Formation,Night,Intermediate,86,23,90,4,5,High
OP2377,Formation,Night,Intermediate,76,12,86,1,0,Low
OP2378,Equipment Setup,Night,Experienced,79,51,86,5,4,High
OP2379,Quality Inspection,Day,Experienced,100,57,85,2,1,Low
OP2380,Packaging,Night,Intermediate,73,9,124,3,0,Moderate
OP2381,Cell Loading,Night,Experienced,100,57,141,0,1,Low
OP2382,Equipment Setup,Day,Experienced,87,33,123,2,2,Moderate
OP2383,Quality Inspection,Day,Experienced,93,33,116,1,1,Moderate
OP2384,Quality Inspection,Day,Experienced,98,47,112,2,1,Low
OP2385,Cell Loading,Day,Experienced,85,50,138,2,0,Low
OP2386,Quality Inspection,Night,New,65,0,90,0,1,Moderate
OP2387,Equipment Setup,Day,Experienced,87,40,109,3,0,Low
OP2388,Equipment Setup,Night,Experienced,86,51,104,2,3,Low
OP2389,Quality Inspection,Night,Intermediate,65,19,83,3,2,Moderate
OP2390,Packaging,Day,Experienced,70,30,126,3,2,Moderate
OP2391,Formation,Night,Intermediate,89,20,80,1,0,Low
OP2392,Quality Inspection,Day,Experienced,98,34,114,2,2,Low
OP2393,Equipment Setup,Day,Intermediate,89,16,140,5,5,Moderate
OP2394,Equipment Setup,Night,Intermediate,87,20,110,3,1,Low
OP2395,Packaging,Day,Experienced,86,60,107,3,2,Moderate
OP2396,Packaging,Day,Intermediate,86,18,122,0,1,Moderate
OP2397,Quality Inspection,Night,New,72,4,134,6,5,High
OP2398,Formation,Day,Experienced,96,49,135,2,2,Moderate
OP2399,Cell Loading,Night,Experienced,84,29,88,2,1,Low
OP2400,Cell Loading,Day,Intermediate,76,23,86,3,1,Low
OP2401,Equipment Setup,Day,Experienced,85,31,131,3,2,Moderate
OP2402,Quality Inspection,Day,Experienced,93,35,95,4,2,Moderate
OP2403,Equipment Setup,Night,Experienced,80,58,143,2,3,Moderate
OP2404,Quality Inspection,Day,Intermediate,70,12,143,0,0,Low
OP2405,Equipment Setup,Day,Intermediate,79,19,127,1,2,Low
OP2406,Formation,Day,New,71,6,99,5,1,Moderate
OP2407,Equipment Setup,Day,New,71,3,141,4,3,Moderate
OP2408,Quality Inspection,Night,New,64,5,97,5,3,High
OP2409,Quality Inspection,Day,New,56,8,105,3,3,High
OP2410,Equipment Setup,Day,New,63,7,111,8,4,High
OP2411,Packaging,Day,Intermediate,70,24,90,1,1,Low
OP2412,Cell Loading,Night,New,61,1,98,4,2,High
OP2413,Formation,Day,Intermediate,76,20,112,4,3,Low
OP2414,Formation,Night,Intermediate,91,21,114,7,5,High
OP2415,Packaging,Day,Experienced,93,55,99,5,4,Moderate
OP2416,Equipment Setup,Night,Experienced,86,32,111,0,2,Low
OP2417,Equipment Setup,Day,New,75,5,138,4,2,High
OP2418,Cell Loading,Night,New,64,5,102,5,4,High
OP2419,Quality Inspection,Day,New,86,3,90,3,0,Moderate
OP2420,Equipment Setup,Night,Experienced,97,41,86,2,2,Moderate
OP2421,Formation,Day,Intermediate,83,20,113,1,0,Low
OP2422,Formation,Night,Intermediate,82,11,112,2,3,Moderate
OP2423,Packaging,Day,New,63,3,97,0,0,Moderate
OP2424,Packaging,Day,Intermediate,75,12,87,0,1,Low
OP2425,Cell Loading,Day,Experienced,95,32,114,0,0,Low
OP2426,Packaging,Night,Experienced,82,37,99,0,1,Low
OP2427,Formation,Night,Intermediate,68,10,119,0,2,Low
OP2428,Equipment Setup,Day,Experienced,91,34,111,2,0,Low
OP2429,Formation,Night,Intermediate,46,17,104,5,1,High
OP2430,Equipment Setup,Night,Experienced,88,38,101,1,1,Low
OP2431,Formation,Day,New,78,4,90,0,0,Low
OP2432,Packaging,Day,New,72,6,129,3,1,Low
OP2433,Equipment Setup,Night,Experienced,89,52,143,2,1,Low
OP2434,Formation,Day,New,66,3,89,2,0,Low
OP2435,Quality Inspection,Day,Intermediate,87,23,135,0,2,Low
OP2436,Cell Loading,Day,Intermediate,60,22,109,2,1,Moderate
OP2437,Formation,Day,Experienced,97,57,101,2,0,Low
OP2438,Formation,Night,New,65,3,146,3,1,High
OP2439,Quality Inspection,Day,Experienced,87,37,87,0,2,Low
OP2440,Formation,Night,Intermediate,75,21,133,4,3,Low
OP2441,Equipment Setup,Night,New,66,4,100,6,2,High
OP2442,Formation,Night,Experienced,96,47,125,4,2,Low
OP2443,Equipment Setup,Night,Intermediate,85,19,109,2,2,Low
OP2444,Cell Loading,Night,Experienced,87,34,142,5,4,Moderate
OP2445,Formation,Day,Experienced,89,36,146,3,2,Low
OP2446,Cell Loading,Night,Experienced,89,44,95,0,1,Low
OP2447,Quality Inspection,Day,Experienced,90,56,106,2,5,Moderate
OP2448,Cell Loading,Day,Experienced,86,46,83,1,1,Low
OP2449,Formation,Day,Experienced,86,44,84,3,1,Moderate
OP2450,Formation,Day,Intermediate,91,22,137,1,0,Low
OP2451,Equipment Setup,Night,Experienced,88,25,119,2,1,Moderate
OP2452,Formation,Day,Intermediate,83,17,95,2,0,Low
OP2453,Packaging,Day,New,83,7,96,2,0,Low
OP2454,Formation,Night,Intermediate,49,11,150,3,0,Moderate
OP2455,Quality Inspection,Night,Experienced,93,48,96,2,0,Low
OP2456,Cell Loading,Day,Intermediate,79,24,112,3,1,Low
OP2457,Formation,Night,Experienced,67,39,143,5,2,Moderate
OP2458,Formation,Night,Experienced,98,45,149,5,3,Moderate
OP2459,Packaging,Night,Experienced,74,37,120,2,4,Moderate
OP2460,Cell Loading,Day,Experienced,98,29,115,4,1,Low
OP2461,Packaging,Night,Experienced,99,45,146,1,0,Low
OP2462,Equipment Setup,Day,Experienced,80,33,84,0,0,Low
OP2463,Packaging,Day,Experienced,100,44,102,1,1,High
OP2464,Formation,Day,Experienced,77,44,133,3,1,Moderate
OP2465,Packaging,Night,Experienced,88,56,90,2,1,Low
OP2466,Cell Loading,Night,Intermediate,83,10,139,6,2,Moderate
OP2467,Equipment Setup,Night,Experienced,87,41,87,3,5,High
OP2468,Equipment Setup,Day,Intermediate,92,14,95,3,2,Low
OP2469,Quality Inspection,Night,New,68,3,127,6,4,High
OP2470,Formation,Day,New,70,3,99,4,1,High
OP2471,Packaging,Day,Intermediate,76,19,95,3,2,Moderate
OP2472,Formation,Day,New,74,0,106,5,4,High
OP2473,Packaging,Night,New,47,6,126,5,2,High
OP2474,Quality Inspection,Day,Experienced,94,45,119,0,1,Low
OP2475,Packaging,Night,Intermediate,87,23,131,0,0,Low
OP2476,Equipment Setup,Night,Experienced,90,36,109,5,2,Moderate
OP2477,Packaging,Day,Intermediate,87,9,85,4,1,Low
OP2478,Quality Inspection,Day,Intermediate,68,18,140,3,1,Low
OP2479,Equipment Setup,Night,Intermediate,77,18,81,2,3,Moderate
OP2480,Quality Inspection,Night,Experienced,91,38,125,6,5,Moderate
OP2481,Equipment Setup,Day,New,72,0,126,4,6,High
OP2482,Formation,Day,New,65,4,97,4,4,High
OP2483,Packaging,Day,New,74,6,109,3,0,Low
OP2484,Equipment Setup,Night,Experienced,94,34,111,5,3,Moderate
OP2485,Equipment Setup,Night,Experienced,85,46,125,5,2,Moderate
OP2486,Quality Inspection,Night,Experienced,99,34,98,2,2,Low
OP2487,Cell Loading,Night,Experienced,95,33,83,2,0,Low
OP2488,Formation,Day,New,61,6,82,5,4,High
OP2489,Equipment Setup,Day,New,67,4,147,8,4,High
OP2490,Packaging,Day,New,64,3,109,7,6,High
OP2491,Cell Loading,Night,Intermediate,77,15,124,3,2,Low
OP2492,Cell Loading,Night,Experienced,84,58,123,1,0,Low
OP2493,Cell Loading,Day,Experienced,76,47,88,1,0,Low
OP2494,Cell Loading,Day,Intermediate,78,16,104,4,3,Moderate
OP2495,Packaging,Day,Experienced,71,35,127,0,0,Low
OP2496,Formation,Day,Intermediate,81,17,95,3,3,Low
OP2497,Cell Loading,Night,Intermediate,85,10,146,2,0,Moderate
OP2498,Formation,Day,Experienced,100,25,123,3,3,Low
OP2499,Cell Loading,Day,New,59,8,146,3,0,Moderate
OP2500,Formation,Night,Intermediate,72,18,132,4,2,Moderate
OP2501,Quality Inspection,Night,New,66,1,150,3,4,High
OP2502,Cell Loading,Day,Intermediate,68,21,105,4,3,Moderate
OP2503,Quality Inspection,Night,Intermediate,84,10,145,2,0,Low
OP2504,Packaging,Day,Experienced,77,30,138,0,1,Low
OP2505,Quality Inspection,Day,Experienced,92,53,140,6,4,Moderate
OP2506,Packaging,Night,Experienced,100,58,136,1,1,Moderate
OP2507,Cell Loading,Night,Intermediate,76,23,97,3,0,Low
OP2508,Cell Loading,Night,Experienced,88,46,141,4,4,Moderate
OP2509,Formation,Night,Intermediate,84,20,103,2,2,Low
OP2510,Packaging,Night,Experienced,83,38,83,3,2,Low
OP2511,Cell Loading,Night,Intermediate,66,15,114,1,0,Low
OP2512,Formation,Night,Experienced,92,55,115,2,1,Low
OP2513,Packaging,Day,Experienced,92,56,129,0,0,Low
OP2514,Quality Inspection,Night,New,48,1,80,1,1,High
OP2515,Quality Inspection,Day,Intermediate,76,18,115,3,3,Low
OP2516,Equipment Setup,Night,New,62,3,97,7,4,High
OP2517,Equipment Setup,Day,New,83,0,80,4,3,High
OP2518,Quality Inspection,Day,Intermediate,80,17,128,1,0,Low
OP2519,Cell Loading,Day,Experienced,84,50,131,0,0,Low
OP2520,Quality Inspection,Night,Intermediate,85,17,81,3,2,Low
OP2521,Equipment Setup,Night,Intermediate,87,19,148,1,1,Low
OP2522,Packaging,Night,New,64,0,101,4,0,Moderate
OP2523,Equipment Setup,Night,Experienced,85,44,135,3,2,Low
OP2524,Cell Loading,Day,New,65,0,145,4,3,High
OP2525,Packaging,Night,Intermediate,70,19,130,3,2,Low
OP2526,Equipment Setup,Day,Intermediate,68,23,144,2,3,Moderate
OP2527,Quality Inspection,Night,Experienced,93,52,125,1,0,Low
OP2528,Cell Loading,Night,Experienced,94,49,94,0,1,Low
OP2529,Quality Inspection,Night,Experienced,89,51,116,4,3,Moderate
OP2530,Quality Inspection,Night,Intermediate,100,10,143,6,4,Moderate
OP2531,Equipment Setup,Night,Experienced,100,33,100,4,3,Moderate
OP2532,Packaging,Night,Experienced,76,49,133,0,1,Low
OP2533,Quality Inspection,Day,Experienced,96,40,146,2,1,Low
OP2534,Packaging,Day,New,78,7,147,2,2,Moderate
OP2535,Cell Loading,Night,Intermediate,75,15,81,3,0,Moderate
OP2536,Equipment Setup,Night,New,53,4,83,5,5,High
OP2537,Cell Loading,Day,Experienced,100,40,140,1,0,Low
OP2538,Cell Loading,Night,Intermediate,85,16,139,2,2,Moderate
OP2539,Packaging,Day,Intermediate,90,13,97,3,2,Moderate
OP2540,Cell Loading,Day,Intermediate,87,22,122,0,2,Low
OP2541,Cell Loading,Day,Experienced,98,27,94,3,3,Low
OP2542,Formation,Night,Experienced,77,30,102,4,3,Moderate
OP2543,Packaging,Day,New,74,4,107,1,1,Moderate
OP2544,Quality Inspection,Day,Intermediate,98,14,87,1,2,Moderate
OP2545,Quality Inspection,Day,Intermediate,83,23,137,3,1,Moderate
OP2546,Packaging,Day,New,80,0,107,1,1,Moderate
OP2547,Quality Inspection,Night,Experienced,83,43,150,0,0,Low
OP2548,Cell Loading,Day,New,73,4,132,6,1,Moderate
OP2549,Packaging,Night,Experienced,77,37,88,3,0,Low
OP2550,Quality Inspection,Night,Experienced,56,48,85,5,2,Moderate
OP2551,Cell Loading,Night,Experienced,88,34,112,2,1,Low
OP2552,Packaging,Night,Intermediate,94,20,142,2,2,Low
OP2553,Quality Inspection,Night,New,58,2,142,5,4,High
OP2554,Cell Loading,Night,Experienced,87,37,91,1,0,Low
OP2555,Quality Inspection,Day,Intermediate,70,9,122,2,1,Low
OP2556,Packaging,Night,Intermediate,73,9,131,2,0,Low
OP2557,Cell Loading,Night,Experienced,76,25,132,0,0,Low
OP2558,Equipment Setup,Day,Intermediate,77,22,128,3,3,Moderate
OP2559,Cell Loading,Night,Intermediate,70,14,149,4,0,Moderate
OP2560,Cell Loading,Day,Experienced,84,40,135,6,4,Moderate
OP2561,Packaging,Night,New,69,0,150,1,2,Moderate
OP2562,Cell Loading,Night,Experienced,84,41,126,0,2,Low
OP2563,Formation,Day,Experienced,94,46,110,4,1,Moderate
OP2564,Quality Inspection,Night,Intermediate,84,13,111,3,0,Low
OP2565,Cell Loading,Day,Experienced,93,26,126,2,1,Low
OP2566,Cell Loading,Day,Experienced,82,50,117,0,0,Low
OP2567,Formation,Day,New,65,8,94,4,2,High
OP2568,Quality Inspection,Night,Experienced,82,50,93,2,0,Low
OP2569,Quality Inspection,Night,Experienced,91,38,147,2,5,Low
OP2570,Formation,Night,Intermediate,78,24,87,5,3,Moderate
OP2571,Cell Loading,Day,Experienced,76,41,146,6,4,Moderate
OP2572,Formation,Day,Experienced,100,35,127,2,2,Low
OP2573,Formation,Day,New,65,5,98,3,1,Moderate
OP2574,Packaging,Night,New,69,3,90,3,1,Moderate
OP2575,Quality Inspection,Night,Experienced,91,25,112,2,0,Low
OP2576,Packaging,Day,Intermediate,83,19,81,1,1,Low
OP2577,Formation,Day,Experienced,88,26,113,1,0,Low
OP2578,Quality Inspection,Night,Intermediate,71,20,83,1,0,Low
OP2579,Packaging,Day,Intermediate,86,9,138,0,0,Low
OP2580,Formation,Day,New,58,5,104,4,1,High
OP2581,Formation,Day,Experienced,90,27,120,5,4,Moderate
OP2582,Formation,Day,Intermediate,62,21,136,6,5,High
OP2583,Formation,Day,Experienced,76,41,83,2,2,Moderate
OP2584,Formation,Day,Experienced,86,31,122,2,0,Low
OP2585,Quality Inspection,Day,Intermediate,64,19,92,1,1,Low
OP2586,Quality Inspection,Night,Experienced,87,27,112,0,0,Low
OP2587,Cell Loading,Night,Intermediate,80,13,125,1,0,Low
OP2588,Cell Loading,Night,Experienced,100,56,104,1,0,Low
OP2589,Formation,Day,Experienced,79,40,134,3,3,Moderate
OP2590,Cell Loading,Night,New,60,8,110,3,0,Moderate
OP2591,Quality Inspection,Day,Experienced,82,34,108,3,0,Moderate
OP2592,Quality Inspection,Day,New,63,0,127,3,2,High
OP2593,Cell Loading,Night,New,58,2,104,4,2,High
OP2594,Packaging,Day,Intermediate,93,18,123,2,0,Low
OP2595,Quality Inspection,Night,New,60,1,128,4,3,High
OP2596,Quality Inspection,Night,Experienced,88,36,144,4,4,Moderate
OP2597,Cell Loading,Night,Intermediate,79,12,95,2,5,Moderate
OP2598,Equipment Setup,Day,Experienced,83,43,113,1,1,Low
OP2599,Formation,Day,Intermediate,84,18,129,4,2,Moderate
OP2600,Quality Inspection,Day,Intermediate,84,21,132,3,0,Low
OP2601,Cell Loading,Day,Intermediate,78,24,123,3,2,Moderate
OP2602,Cell Loading,Night,New,74,3,86,4,3,High
OP2603,Equipment Setup,Night,Experienced,83,57,87,0,0,Low
OP2604,Formation,Night,Experienced,72,49,84,3,2,Low
OP2605,Packaging,Day,Intermediate,85,9,111,1,0,Low
OP2606,Equipment Setup,Night,Experienced,76,42,107,1,3,Low
OP2607,Cell Loading,Day,New,55,5,148,5,2,High
OP2608,Formation,Night,Intermediate,77,17,115,3,2,Moderate
OP2609,Quality Inspection,Day,Experienced,78,58,129,1,1,Low
OP2610,Quality Inspection,Day,Experienced,95,45,91,1,1,Low
OP2611,Packaging,Night,Experienced,89,56,87,0,0,Low
OP2612,Cell Loading,Night,Experienced,90,55,133,5,5,Moderate
OP2613,Cell Loading,Night,Experienced,82,41,122,3,2,Moderate
OP2614,Quality Inspection,Day,New,60,7,141,0,0,Low
OP2615,Quality Inspection,Night,Experienced,79,38,86,4,4,High
OP2616,Formation,Night,Intermediate,82,11,120,5,2,High
OP2617,Formation,Day,Experienced,90,55,116,1,1,Moderate
OP2618,Formation,Night,Experienced,86,38,143,4,3,Moderate
OP2619,Quality Inspection,Night,Experienced,86,37,88,0,0,Low
OP2620,Cell Loading,Day,Intermediate,86,20,111,4,2,Low
OP2621,Formation,Day,New,54,7,88,6,3,High
OP2622,Quality Inspection,Night,Intermediate,61,22,118,4,3,Moderate
OP2623,Equipment Setup,Day,Experienced,85,41,93,4,2,Low
OP2624,Formation,Day,New,66,3,126,3,3,High
OP2625,Packaging,Night,Experienced,91,26,97,2,0,Low
OP2626,Formation,Night,Intermediate,90,24,133,1,0,Low
OP2627,Cell Loading,Night,Experienced,90,54,121,4,0,Low
OP2628,Packaging,Day,Intermediate,71,12,147,1,0,Low
OP2629,Equipment Setup,Night,Experienced,76,47,88,3,0,Low
OP2630,Packaging,Night,Intermediate,70,19,127,2,3,Low
OP2631,Equipment Setup,Night,Intermediate,79,20,144,1,0,Low
OP2632,Packaging,Night,Intermediate,77,10,142,1,0,Moderate
OP2633,Equipment Setup,Day,New,52,4,84,6,2,High
OP2634,Quality Inspection,Day,New,66,7,91,2,1,Moderate
OP2635,Quality Inspection,Night,Intermediate,72,14,96,3,0,Low
OP2636,Packaging,Day,Intermediate,72,21,139,2,0,Low
OP2637,Formation,Night,Intermediate,69,18,129,3,3,Moderate
OP2638,Formation,Day,New,65,5,127,4,2,High
OP2639,Formation,Day,New,60,2,119,2,1,Moderate
OP2640,Equipment Setup,Night,Experienced,84,30,86,4,3,Moderate
OP2641,Cell Loading,Day,Experienced,89,30,95,3,2,Low
OP2642,Cell Loading,Day,Experienced,84,30,139,2,0,Low
OP2643,Packaging,Day,Experienced,93,25,132,2,2,Low
OP2644,Equipment Setup,Night,New,62,8,81,5,4,High
OP2645,Quality Inspection,Day,New,54,2,118,7,0,High
OP2646,Packaging,Night,New,65,8,149,3,3,Moderate
OP2647,Equipment Setup,Night,Intermediate,70,22,88,3,2,Moderate
OP2648,Equipment Setup,Day,Experienced,85,38,130,4,4,Moderate
OP2649,Formation,Day,New,69,5,105,6,2,High
OP2650,Formation,Day,Intermediate,90,15,93,0,1,Low
OP2651,Quality Inspection,Night,Intermediate,75,12,86,1,2,Low
OP2652,Quality Inspection,Night,New,69,4,144,4,1,High
OP2653,Packaging,Day,Intermediate,72,23,111,1,1,Low
OP2654,Cell Loading,Day,Experienced,92,49,114,1,0,Low
OP2655,Cell Loading,Night,Intermediate,78,17,120,0,1,Low
OP2656,Equipment Setup,Night,Intermediate,76,15,124,1,1,Low
OP2657,Cell Loading,Night,Experienced,90,37,91,3,3,Moderate
OP2658,Quality Inspection,Day,Experienced,100,56,80,1,3,Low
OP2659,Cell Loading,Day,Experienced,82,37,108,0,1,Low
OP2660,Cell Loading,Night,Intermediate,79,21,131,3,1,Moderate
OP2661,Cell Loading,Night,Intermediate,70,10,111,4,3,Moderate
OP2662,Quality Inspection,Night,Experienced,80,40,144,0,2,Low
OP2663,Formation,Day,Experienced,90,36,114,5,3,Moderate
OP2664,Packaging,Day,Experienced,79,43,139,0,0,Low
OP2665,Formation,Day,Intermediate,68,19,109,1,0,Low
OP2666,Equipment Setup,Day,Intermediate,71,17,128,5,2,Moderate
OP2667,Formation,Night,Intermediate,75,17,93,7,6,High
OP2668,Formation,Night,New,75,4,84,6,4,High
OP2669,Equipment Setup,Night,Experienced,63,54,101,5,3,High
OP2670,Packaging,Day,Experienced,76,55,104,1,1,Low
OP2671,Equipment Setup,Day,Experienced,99,53,111,0,0,Low
OP2672,Packaging,Day,New,72,1,123,3,0,Moderate
OP2673,Equipment Setup,Day,Experienced,91,60,109,3,3,Moderate
OP2674,Formation,Night,Intermediate,80,14,136,3,0,Low
OP2675,Packaging,Night,Experienced,83,36,104,3,2,Low
OP2676,Packaging,Night,New,66,5,118,4,4,High
OP2677,Packaging,Day,Experienced,88,28,93,1,0,Low
OP2678,Cell Loading,Night,New,55,7,127,4,0,High
OP2679,Formation,Day,Intermediate,82,15,135,3,2,High
OP2680,Packaging,Night,Intermediate,94,16,126,1,1,Low
OP2681,Packaging,Night,Experienced,76,58,149,4,3,High
OP2682,Cell Loading,Night,New,60,1,145,2,0,High
OP2683,Packaging,Night,Intermediate,93,14,106,1,0,Low
OP2684,Cell Loading,Night,Intermediate,82,15,115,5,3,Low
OP2685,Cell Loading,Day,Intermediate,76,9,103,1,2,Low
OP2686,Packaging,Night,Intermediate,61,14,90,0,3,Moderate
OP2687,Cell Loading,Day,New,65,2,118,3,2,Moderate
OP2688,Packaging,Night,New,58,8,98,3,2,High
OP2689,Equipment Setup,Night,Experienced,90,45,129,5,4,Low
OP2690,Packaging,Night,New,65,4,105,3,2,Low
OP2691,Quality Inspection,Day,Intermediate,91,9,119,0,0,Low
OP2692,Formation,Day,Intermediate,66,16,84,2,2,Moderate
OP2693,Quality Inspection,Night,New,88,6,115,2,2,Moderate
OP2694,Equipment Setup,Night,New,56,5,147,4,4,High
OP2695,Formation,Day,New,70,6,93,1,1,Low
OP2696,Quality Inspection,Day,Experienced,90,42,142,2,0,Moderate
OP2697,Cell Loading,Day,Experienced,97,52,115,2,2,Low
OP2698,Formation,Night,New,74,1,146,1,2,Low
OP2699,Formation,Night,Intermediate,74,12,95,2,1,Low
OP2700,Formation,Day,Intermediate,72,14,80,2,3,Moderate
OP2701,Formation,Night,Experienced,100,37,150,7,3,Moderate
OP2702,Packaging,Day,Intermediate,80,16,88,4,1,Low
OP2703,Cell Loading,Night,New,52,2,109,3,1,High
OP2704,Cell Loading,Night,Experienced,71,47,125,2,2,Moderate
OP2705,Packaging,Day,Intermediate,82,22,85,0,0,Low
OP2706,Equipment Setup,Night,Experienced,93,46,107,4,3,Low
OP2707,Packaging,Night,Intermediate,70,16,112,2,1,Low
OP2708,Equipment Setup,Night,Experienced,94,58,115,1,0,Low
OP2709,Cell Loading,Night,Intermediate,84,10,93,4,4,Moderate
OP2710,Cell Loading,Night,Experienced,94,33,107,2,1,Moderate
OP2711,Packaging,Night,Experienced,92,48,86,2,3,Low
OP2712,Cell Loading,Night,Experienced,92,60,114,4,3,Low
OP2713,Equipment Setup,Day,New,63,5,130,7,6,High
OP2714,Quality Inspection,Day,Intermediate,91,9,142,5,2,High
OP2715,Quality Inspection,Day,Experienced,100,53,85,0,0,Low
OP2716,Packaging,Night,Experienced,83,39,105,1,1,Low
OP2717,Quality Inspection,Day,Experienced,100,58,143,3,1,Low
OP2718,Cell Loading,Day,Experienced,90,57,88,2,0,Low
OP2719,Quality Inspection,Night,Intermediate,85,14,84,2,4,Low
OP2720,Formation,Day,Intermediate,74,24,98,3,1,Low
OP2721,Equipment Setup,Night,Experienced,94,35,131,5,3,Moderate
OP2722,Packaging,Night,New,55,3,106,8,3,High
OP2723,Formation,Night,Experienced,90,52,114,2,1,Low
OP2724,Quality Inspection,Day,New,60,1,85,6,4,High
OP2725,Equipment Setup,Day,New,78,8,119,6,6,High
OP2726,Equipment Setup,Day,Experienced,100,48,141,0,1,Low
OP2727,Packaging,Night,Intermediate,83,20,141,6,3,Moderate
OP2728,Cell Loading,Night,Experienced,100,28,104,3,4,Moderate
OP2729,Cell Loading,Day,Intermediate,83,14,117,5,4,Moderate
OP2730,Quality Inspection,Day,Intermediate,82,13,139,1,0,Low
OP2731,Quality Inspection,Night,New,56,7,106,2,1,Moderate
OP2732,Cell Loading,Night,New,52,5,109,8,4,High
OP2733,Quality Inspection,Day,Intermediate,74,10,145,4,4,Moderate
OP2734,Formation,Night,Experienced,88,45,83,2,2,Low
OP2735,Cell Loading,Day,Experienced,83,28,135,1,1,Low
OP2736,Cell Loading,Day,Experienced,100,51,101,3,1,Low
OP2737,Equipment Setup,Day,Intermediate,82,11,122,2,1,Low
OP2738,Equipment Setup,Night,Intermediate,67,19,83,4,4,High
OP2739,Quality Inspection,Day,Intermediate,75,14,148,0,0,Low
OP2740,Equipment Setup,Night,Experienced,90,45,120,4,4,Moderate
OP2741,Packaging,Day,Intermediate,95,24,137,1,0,Low
OP2742,Packaging,Day,New,89,2,112,6,3,High
OP2743,Equipment Setup,Night,Intermediate,88,14,130,3,3,Moderate
OP2744,Packaging,Day,New,62,2,137,2,0,Moderate
OP2745,Formation,Night,Intermediate,74,12,148,3,4,Moderate
OP2746,Packaging,Day,Experienced,72,50,111,2,3,Low
OP2747,Equipment Setup,Day,Intermediate,81,10,116,3,2,Low
OP2748,Formation,Night,Intermediate,70,16,84,1,3,Moderate
OP2749,Formation,Night,Experienced,100,44,100,6,3,High
OP2750,Cell Loading,Day,New,67,5,100,2,1,Moderate
OP2751,Equipment Setup,Night,Intermediate,79,19,99,5,4,Moderate
OP2752,Packaging,Night,Experienced,91,32,145,4,3,Moderate
OP2753,Packaging,Day,Intermediate,87,21,85,1,0,Low
OP2754,Cell Loading,Day,Experienced,81,26,150,3,2,Low
OP2755,Formation,Day,Experienced,95,48,112,1,2,Low
OP2756,Equipment Setup,Day,Intermediate,78,10,115,5,3,Moderate
OP2757,Equipment Setup,Day,Intermediate,75,9,105,4,4,High
OP2758,Cell Loading,Day,New,49,8,109,2,2,High
OP2759,Packaging,Night,Experienced,90,55,100,4,2,High
OP2760,Quality Inspection,Day,Experienced,69,26,82,1,0,Low
OP2761,Quality Inspection,Day,Experienced,100,38,116,1,0,Low
OP2762,Formation,Night,Experienced,100,52,134,0,1,Low
OP2763,Cell Loading,Day,Experienced,91,31,150,2,2,Moderate
OP2764,Equipment Setup,Night,Intermediate,72,24,116,3,1,Moderate
OP2765,Cell Loading,Day,Intermediate,70,20,103,1,1,Low
OP2766,Equipment Setup,Night,New,69,1,84,4,1,High
OP2767,Quality Inspection,Night,Intermediate,76,18,139,1,2,Low
OP2768,Equipment Setup,Night,Intermediate,64,24,111,2,2,Moderate
OP2769,Formation,Day,Experienced,98,45,140,1,0,Low
OP2770,Formation,Night,New,76,6,121,1,0,Moderate
OP2771,Equipment Setup,Day,Experienced,72,29,102,3,4,Moderate
OP2772,Quality Inspection,Night,Intermediate,78,13,128,2,0,Low
OP2773,Equipment Setup,Night,Experienced,74,30,82,6,3,Moderate
OP2774,Equipment Setup,Night,Experienced,85,28,123,4,4,Moderate
OP2775,Equipment Setup,Night,Intermediate,92,9,145,2,0,Low
OP2776,Packaging,Night,Intermediate,67,13,124,3,2,Moderate
OP2777,Formation,Day,Experienced,95,41,135,0,0,Low
OP2778,Cell Loading,Night,Experienced,84,46,88,3,1,Low
OP2779,Packaging,Day,Intermediate,87,24,145,5,2,Moderate
OP2780,Quality Inspection,Night,Experienced,76,51,99,1,2,Low
OP2781,Cell Loading,Night,Experienced,72,48,107,4,4,High
OP2782,Cell Loading,Night,Intermediate,73,23,81,3,1,Moderate
OP2783,Equipment Setup,Day,Experienced,90,44,133,2,0,Low
OP2784,Equipment Setup,Day,Experienced,83,40,136,2,1,Low
OP2785,Formation,Night,New,75,5,87,3,1,High
OP2786,Quality Inspection,Night,New,66,8,144,1,1,Moderate
OP2787,Cell Loading,Night,Experienced,84,40,120,0,0,Low
OP2788,Equipment Setup,Day,Intermediate,84,14,92,2,1,Low
OP2789,Quality Inspection,Day,New,77,2,93,3,2,Moderate
OP2790,Cell Loading,Day,New,84,8,141,5,3,High
OP2791,Packaging,Day,Experienced,71,48,90,0,0,Low
OP2792,Packaging,Night,Experienced,92,59,135,0,0,Low
OP2793,Cell Loading,Day,Experienced,78,47,143,4,3,Moderate
OP2794,Quality Inspection,Day,Intermediate,66,18,126,2,0,Low
OP2795,Formation,Day,Experienced,100,32,86,2,1,Low
OP2796,Packaging,Day,Experienced,100,46,81,0,0,Low
OP2797,Quality Inspection,Night,Intermediate,68,17,148,4,1,Low
OP2798,Packaging,Night,Experienced,98,40,115,3,1,Low
OP2799,Equipment Setup,Day,New,72,6,89,3,3,High
OP2800,Packaging,Night,New,92,2,80,3,2,Moderate
OP2801,Equipment Setup,Night,New,77,1,132,3,4,High
OP2802,Formation,Night,Experienced,80,56,136,4,1,Low
OP2803,Equipment Setup,Night,Experienced,90,48,148,3,4,Moderate
OP2804,Quality Inspection,Day,Experienced,64,45,141,3,1,Moderate
OP2805,Equipment Setup,Night,Intermediate,78,23,90,6,4,Moderate
OP2806,Equipment Setup,Day,New,76,2,87,5,4,High
OP2807,Quality Inspection,Day,Intermediate,78,20,108,1,3,Moderate
OP2808,Formation,Day,New,79,3,132,3,2,High
OP2809,Packaging,Night,Intermediate,84,9,95,0,0,Low
OP2810,Quality Inspection,Day,Experienced,75,55,111,3,2,Low
OP2811,Equipment Setup,Day,Experienced,74,49,143,1,1,High
OP2812,Packaging,Night,Experienced,79,53,83,4,4,Moderate
OP2813,Cell Loading,Day,Intermediate,86,13,110,5,3,Moderate
OP2814,Quality Inspection,Night,Intermediate,65,23,150,2,3,Moderate
OP2815,Formation,Night,Intermediate,67,19,105,3,1,Moderate
OP2816,Packaging,Day,Experienced,99,26,132,0,0,Low
OP2817,Formation,Night,Intermediate,76,16,141,5,1,Low
OP2818,Cell Loading,Day,Intermediate,86,14,110,3,2,Low
OP2819,Equipment Setup,Night,Intermediate,85,10,134,4,1,Moderate
OP2820,Quality Inspection,Night,Experienced,77,27,124,3,1,Low
OP2821,Packaging,Night,New,62,0,141,5,3,High
OP2822,Equipment Setup,Day,New,75,8,99,2,0,Low
OP2823,Quality Inspection,Day,New,71,0,116,3,2,High
OP2824,Formation,Night,Intermediate,79,12,128,5,5,Low
OP2825,Packaging,Day,New,69,4,150,2,1,Low
OP2826,Formation,Night,Intermediate,86,18,144,4,4,Moderate
OP2827,Cell Loading,Day,Intermediate,86,24,145,3,1,Low
OP2828,Packaging,Day,Intermediate,73,22,85,4,2,Moderate
OP2829,Equipment Setup,Day,Intermediate,86,22,118,6,3,Moderate
OP2830,Quality Inspection,Day,New,72,0,130,3,5,High
OP2831,Formation,Day,Experienced,74,59,150,3,2,Low
OP2832,Cell Loading,Night,Intermediate,96,12,136,3,0,Low
OP2833,Cell Loading,Night,Experienced,79,44,144,1,0,Low
OP2834,Quality Inspection,Day,Experienced,97,27,90,5,3,Moderate
OP2835,Quality Inspection,Night,New,73,4,116,6,3,High
OP2836,Equipment Setup,Night,Experienced,75,48,108,2,3,Low
OP2837,Equipment Setup,Night,Experienced,86,32,111,0,0,Low
OP2838,Quality Inspection,Day,Experienced,92,56,113,0,0,Low
OP2839,Formation,Day,Intermediate,77,18,105,5,5,High
OP2840,Formation,Night,Intermediate,73,9,126,4,3,Moderate
OP2841,Equipment Setup,Day,Intermediate,75,17,81,1,1,Low
OP2842,Cell Loading,Day,Intermediate,87,12,100,4,2,Moderate
OP2843,Quality Inspection,Night,Intermediate,74,22,95,0,0,Low
OP2844,Packaging,Day,Experienced,82,43,105,0,0,Low
OP2845,Quality Inspection,Night,Intermediate,76,9,136,2,0,Low
OP2846,Cell Loading,Day,Intermediate,86,9,150,6,4,High
OP2847,Formation,Day,New,69,6,134,4,2,Moderate
OP2848,Equipment Setup,Night,Experienced,81,29,110,1,1,Low
OP2849,Packaging,Day,Experienced,88,32,133,2,0,Low
OP2850,Quality Inspection,Day,Experienced,87,44,96,2,2,Low
OP2851,Equipment Setup,Day,Experienced,100,52,111,0,3,Low
OP2852,Quality Inspection,Night,Experienced,88,26,141,2,3,Moderate
OP2853,Quality Inspection,Night,New,49,8,100,4,3,High
OP2854,Quality Inspection,Day,Experienced,89,37,99,2,3,Moderate
OP2855,Quality Inspection,Day,Intermediate,56,10,116,1,1,Low
OP2856,Equipment Setup,Day,New,53,2,102,4,2,High
OP2857,Quality Inspection,Day,Experienced,100,45,111,0,0,Low
OP2858,Formation,Night,Experienced,85,48,102,3,2,Moderate
OP2859,Equipment Setup,Day,Intermediate,72,20,82,2,4,High
OP2860,Quality Inspection,Day,Experienced,90,28,92,4,3,Moderate
OP2861,Equipment Setup,Day,Intermediate,80,15,133,2,1,Low
OP2862,Equipment Setup,Day,Experienced,100,38,101,3,3,Low
OP2863,Cell Loading,Day,Experienced,79,42,109,2,2,Moderate
OP2864,Formation,Day,Intermediate,68,23,139,1,1,Low
OP2865,Equipment Setup,Night,New,67,1,132,5,1,High
OP2866,Packaging,Night,New,81,6,83,4,3,High
OP2867,Quality Inspection,Night,Experienced,86,28,117,0,0,Low
OP2868,Packaging,Day,Intermediate,84,11,143,3,1,Low
OP2869,Packaging,Day,Intermediate,62,12,147,0,0,Low
OP2870,Formation,Night,Experienced,69,32,100,4,2,Moderate
OP2871,Packaging,Night,Intermediate,85,11,113,5,3,Moderate
OP2872,Packaging,Day,Intermediate,89,24,95,2,2,Low
OP2873,Formation,Night,New,70,1,137,4,3,High
OP2874,Quality Inspection,Day,New,62,3,134,4,3,High
OP2875,Packaging,Night,Experienced,73,50,99,2,1,Low
OP2876,Packaging,Day,Experienced,89,41,130,2,3,Moderate
OP2877,Cell Loading,Day,Experienced,99,28,96,2,0,Low
OP2878,Equipment Setup,Night,New,66,5,130,7,6,High
OP2879,Packaging,Night,New,51,3,120,4,2,High
OP2880,Cell Loading,Night,Experienced,79,31,110,0,0,Low
OP2881,Equipment Setup,Day,Experienced,92,59,137,2,1,Moderate
OP2882,Packaging,Night,Experienced,79,56,108,3,1,Low
OP2883,Cell Loading,Night,Experienced,77,57,110,5,4,Moderate
OP2884,Formation,Day,Intermediate,74,11,130,4,2,Moderate
OP2885,Cell Loading,Day,Intermediate,68,21,144,4,3,Moderate
OP2886,Cell Loading,Day,Intermediate,90,22,114,3,0,Low
OP2887,Quality Inspection,Day,Experienced,90,57,148,4,1,Low
OP2888,Cell Loading,Day,Intermediate,81,19,100,2,2,Low
OP2889,Quality Inspection,Day,Intermediate,76,15,134,3,2,Moderate
OP2890,Packaging,Day,Intermediate,97,24,109,4,3,Moderate
OP2891,Packaging,Day,New,64,4,141,3,3,High
OP2892,Packaging,Day,Experienced,99,46,122,5,3,Low
OP2893,Equipment Setup,Night,Intermediate,79,24,130,3,4,Moderate
OP2894,Equipment Setup,Day,Intermediate,83,11,93,4,2,Moderate
OP2895,Formation,Day,New,80,5,102,5,2,High
OP2896,Formation,Day,New,68,2,141,1,0,Moderate
OP2897,Quality Inspection,Day,Experienced,89,44,141,4,2,Moderate
OP2898,Equipment Setup,Day,New,57,1,97,4,2,High
OP2899,Equipment Setup,Day,Intermediate,89,20,149,2,3,Moderate
OP2900,Cell Loading,Night,Experienced,70,53,106,2,0,Low
OP2901,Packaging,Night,Intermediate,55,9,121,6,2,High
OP2902,Packaging,Day,Experienced,85,60,109,0,0,Low
OP2903,Equipment Setup,Night,Intermediate,64,14,139,6,5,High
OP2904,Cell Loading,Day,Experienced,97,53,143,3,3,Low
OP2905,Cell Loading,Day,New,48,1,122,3,2,High
OP2906,Packaging,Day,New,70,7,107,3,1,Moderate
OP2907,Equipment Setup,Day,Experienced,96,25,85,0,1,Low
OP2908,Cell Loading,Night,Intermediate,74,17,121,6,1,Moderate
OP2909,Equipment Setup,Day,Intermediate,86,16,95,5,5,Low
OP2910,Equipment Setup,Day,Experienced,80,45,148,3,0,Low
OP2911,Quality Inspection,Night,Intermediate,56,22,90,4,1,High
OP2912,Packaging,Day,Experienced,100,48,115,0,0,Low
OP2913,Quality Inspection,Night,Experienced,100,36,118,3,1,Low
OP2914,Packaging,Night,Experienced,91,47,85,2,2,Low
OP2915,Packaging,Night,Experienced,93,49,136,0,1,Low
OP2916,Packaging,Night,Intermediate,82,19,85,3,0,Low
OP2917,Equipment Setup,Day,New,66,1,127,7,4,High
OP2918,Packaging,Day,Intermediate,82,11,115,4,3,Low
OP2919,Quality Inspection,Day,Experienced,75,31,100,1,0,Low
OP2920,Quality Inspection,Day,Intermediate,80,17,116,4,3,Moderate
OP2921,Cell Loading,Night,Experienced,81,30,91,4,1,Low
OP2922,Packaging,Night,Experienced,80,35,91,0,0,Low
OP2923,Equipment Setup,Night,New,65,0,112,5,4,High
OP2924,Equipment Setup,Night,Intermediate,68,24,141,5,3,High
OP2925,Quality Inspection,Day,Intermediate,76,17,148,0,0,Low
OP2926,Quality Inspection,Night,Intermediate,74,21,104,3,3,Moderate
OP2927,Equipment Setup,Day,New,48,6,81,3,2,Low
OP2928,Quality Inspection,Day,Experienced,89,51,137,0,0,Low
OP2929,Formation,Night,Experienced,100,54,90,0,3,Low
OP2930,Equipment Setup,Night,Intermediate,92,19,113,3,2,Moderate
OP2931,Packaging,Night,Experienced,89,55,106,2,2,Low
OP2932,Formation,Night,Experienced,95,25,96,3,1,Low
OP2933,Equipment Setup,Night,Experienced,96,60,100,3,0,Low
OP2934,Equipment Setup,Day,Experienced,86,36,113,4,1,Low
OP2935,Packaging,Day,Experienced,72,27,93,0,0,Low
OP2936,Packaging,Night,New,53,4,134,3,4,High
OP2937,Cell Loading,Night,Experienced,75,49,140,0,0,Moderate
OP2938,Cell Loading,Day,Experienced,97,44,141,1,2,Moderate
OP2939,Cell Loading,Night,Experienced,93,31,125,4,1,Low
OP2940,Packaging,Day,New,49,1,92,2,2,High
OP2941,Formation,Day,New,48,3,87,7,3,High
OP2942,Cell Loading,Day,Intermediate,82,18,141,2,2,Low
OP2943,Cell Loading,Night,Intermediate,83,24,86,3,2,Moderate
OP2944,Formation,Night,Intermediate,93,11,125,4,0,Moderate
OP2945,Packaging,Day,Experienced,78,34,142,0,0,Low
OP2946,Equipment Setup,Day,Experienced,75,58,141,4,2,Low
OP2947,Formation,Night,New,68,6,128,3,4,High
OP2948,Equipment Setup,Day,New,59,1,93,5,5,High
OP2949,Cell Loading,Night,New,51,2,130,5,3,High
OP2950,Formation,Day,Experienced,82,45,108,4,3,Low
OP2951,Formation,Night,Intermediate,87,15,143,3,2,Low
OP2952,Quality Inspection,Day,Intermediate,63,16,85,3,1,Moderate
OP2953,Packaging,Day,Intermediate,91,11,100,2,1,Moderate
OP2954,Equipment Setup,Night,Intermediate,81,22,90,6,5,High
OP2955,Packaging,Night,New,84,8,123,7,5,High
OP2956,Packaging,Night,New,59,2,115,1,2,Moderate
OP2957,Quality Inspection,Night,New,47,5,99,3,3,High
OP2958,Formation,Night,Intermediate,82,17,142,4,2,Moderate
OP2959,Quality Inspection,Night,New,49,1,87,3,3,High
OP2960,Packaging,Night,New,53,2,85,7,3,High
OP2961,Packaging,Day,Experienced,85,41,82,1,0,Low
OP2962,Quality Inspection,Night,Experienced,93,36,136,0,0,Low
OP2963,Equipment Setup,Day,Intermediate,75,9,136,3,2,Moderate
OP2964,Quality Inspection,Day,Experienced,82,39,132,0,0,Low
OP2965,Quality Inspection,Day,Intermediate,78,9,138,0,3,Low
OP2966,Quality Inspection,Night,New,66,4,134,4,3,High
OP2967,Cell Loading,Day,Experienced,100,35,118,1,0,Low
OP2968,Packaging,Day,Intermediate,73,14,105,0,1,Low
OP2969,Formation,Day,New,62,0,116,3,0,Moderate
OP2970,Equipment Setup,Day,New,59,2,148,5,3,High
OP2971,Formation,Day,Intermediate,86,10,101,2,0,Low
OP2972,Packaging,Night,Experienced,85,31,89,2,0,Low
OP2973,Packaging,Night,Experienced,91,37,111,3,2,Moderate
OP2974,Cell Loading,Night,Experienced,79,52,136,3,4,Moderate
OP2975,Equipment Setup,Night,Experienced,81,59,87,6,3,Moderate
OP2976,Cell Loading,Day,Experienced,99,25,120,3,2,Low
OP2977,Quality Inspection,Day,Intermediate,79,16,116,0,0,Low
OP2978,Cell Loading,Day,Intermediate,71,9,100,0,0,Low
OP2979,Formation,Day,Intermediate,92,10,121,4,2,Low
OP2980,Quality Inspection,Night,New,59,2,100,4,2,High
OP2981,Equipment Setup,Night,New,75,5,139,7,5,High
OP2982,Formation,Night,New,70,1,91,4,3,High
OP2983,Formation,Night,Intermediate,74,10,134,0,0,Low
OP2984,Equipment Setup,Day,Experienced,86,49,137,1,0,High
OP2985,Packaging,Day,Experienced,98,28,132,2,0,Low
OP2986,Cell Loading,Night,Experienced,70,33,108,2,1,Low
OP2987,Packaging,Day,Experienced,96,47,120,0,0,Low
OP2988,Packaging,Day,Experienced,98,45,109,0,1,Low
OP2989,Equipment Setup,Night,Experienced,85,39,81,3,4,Moderate
OP2990,Cell Loading,Day,Experienced,73,47,99,4,2,Moderate
OP2991,Equipment Setup,Night,Experienced,72,52,129,4,3,Moderate
OP2992,Cell Loading,Night,Intermediate,65,20,147,3,3,Moderate
OP2993,Equipment Setup,Night,New,63,8,126,7,5,High
OP2994,Quality Inspection,Day,Intermediate,83,14,149,0,0,Low
OP2995,Quality Inspection,Day,Experienced,100,35,100,0,1,Low
OP2996,Formation,Night,Intermediate,97,14,138,1,0,Moderate
OP2997,Cell Loading,Night,Intermediate,84,9,112,7,2,High
OP2998,Equipment Setup,Day,New,73,6,138,6,4,High
OP2999,Cell Loading,Day,Experienced,81,57,133,2,2,Low
OP3000,Cell Loading,Day,Intermediate,74,9,122,5,4,Moderate
OP3001,Equipment Setup,Night,New,78,1,110,3,1,Moderate
OP3002,Quality Inspection,Night,Intermediate,75,13,112,0,1,Low
OP3003,Quality Inspection,Day,Experienced,92,27,135,3,3,Moderate
OP3004,Quality Inspection,Night,Experienced,78,32,97,7,2,Moderate
OP3005,Quality Inspection,Night,Experienced,80,45,122,0,0,Moderate
OP3006,Cell Loading,Night,Intermediate,71,13,93,6,4,High
OP3007,Equipment Setup,Night,Experienced,89,58,148,2,0,Low
OP3008,Equipment Setup,Night,New,83,6,127,5,3,High
OP3009,Cell Loading,Night,Experienced,88,30,98,0,0,Low
OP3010,Quality Inspection,Night,Experienced,87,49,116,1,3,Low
OP3011,Formation,Day,Intermediate,72,20,123,7,2,High
OP3012,Packaging,Night,New,71,7,120,3,1,Moderate
OP3013,Equipment Setup,Night,Experienced,87,37,132,5,4,Low
OP3014,Equipment Setup,Night,Experienced,100,29,112,4,2,Low
OP3015,Cell Loading,Night,Experienced,87,41,123,4,4,Moderate
OP3016,Packaging,Night,Experienced,100,41,125,2,2,Low
OP3017,Quality Inspection,Night,Intermediate,64,24,113,3,0,Moderate
OP3018,Cell Loading,Day,New,88,1,82,2,1,High
OP3019,Quality Inspection,Night,Experienced,87,43,119,1,2,Low
OP3020,Packaging,Day,Intermediate,78,24,130,4,4,Moderate
OP3021,Equipment Setup,Day,Experienced,88,43,89,5,3,Moderate
OP3022,Cell Loading,Day,New,95,4,125,4,3,Moderate
OP3023,Cell Loading,Night,Intermediate,69,12,126,3,0,Low
OP3024,Quality Inspection,Night,Experienced,98,34,115,6,4,Moderate
OP3025,Formation,Night,Experienced,79,38,117,3,5,Moderate
OP3026,Equipment Setup,Day,Experienced,68,38,146,2,0,Low
OP3027,Packaging,Day,New,73,8,150,1,0,Moderate
OP3028,Quality Inspection,Day,Experienced,90,26,107,1,0,Low
OP3029,Cell Loading,Day,Intermediate,89,23,147,5,2,Low
OP3030,Cell Loading,Night,Experienced,87,58,104,6,2,Low
OP3031,Equipment Setup,Day,Experienced,92,44,149,0,0,Low
OP3032,Equipment Setup,Day,Intermediate,87,13,125,3,0,Low
OP3033,Packaging,Night,Experienced,100,59,122,1,0,Low
OP3034,Cell Loading,Day,Experienced,88,38,129,1,0,Low
OP3035,Quality Inspection,Night,Intermediate,80,10,101,1,1,Low
OP3036,Equipment Setup,Night,New,62,0,86,5,4,High
OP3037,Formation,Night,Experienced,81,56,139,0,0,Low
OP3038,Quality Inspection,Day,New,47,8,89,4,1,High
OP3039,Cell Loading,Night,New,64,0,119,5,2,High
OP3040,Equipment Setup,Night,Experienced,100,45,129,2,1,Low
OP3041,Equipment Setup,Day,Experienced,97,53,109,2,0,Low
OP3042,Equipment Setup,Day,Intermediate,78,12,148,3,2,Moderate
OP3043,Formation,Night,Intermediate,80,20,131,3,0,Low
OP3044,Packaging,Day,Experienced,83,25,138,2,1,Low
OP3045,Quality Inspection,Night,Experienced,75,37,90,2,0,Low
OP3046,Cell Loading,Day,New,67,4,95,4,2,Moderate
OP3047,Formation,Night,Experienced,90,46,121,4,4,Moderate
OP3048,Equipment Setup,Day,Experienced,90,51,128,7,4,Moderate
OP3049,Formation,Night,Intermediate,86,21,87,3,2,Low
OP3050,Quality Inspection,Night,Experienced,91,37,84,2,0,Low
OP3051,Packaging,Night,Experienced,92,34,145,0,0,Low
OP3052,Equipment Setup,Day,Intermediate,64,15,130,0,0,Low
OP3053,Equipment Setup,Day,Experienced,78,35,121,3,4,Moderate
OP3054,Cell Loading,Night,Intermediate,86,13,137,3,2,Low
OP3055,Equipment Setup,Day,Experienced,71,50,95,2,0,Low
OP3056,Cell Loading,Day,Experienced,96,48,148,2,1,Moderate
OP3057,Formation,Night,New,63,1,83,4,3,High
OP3058,Formation,Night,Experienced,89,59,112,2,0,Low
OP3059,Formation,Day,Intermediate,82,14,86,1,0,Low
OP3060,Formation,Night,Experienced,77,52,139,4,3,Moderate
OP3061,Quality Inspection,Night,New,40,0,99,4,4,High
OP3062,Packaging,Night,New,61,0,146,4,4,High
OP3063,Quality Inspection,Day,Experienced,78,44,113,1,0,Low
OP3064,Cell Loading,Day,Experienced,86,29,131,2,1,Low
OP3065,Cell Loading,Night,Experienced,74,56,119,3,1,Low
OP3066,Packaging,Night,New,84,4,80,4,1,High
OP3067,Equipment Setup,Night,Experienced,99,48,127,3,2,Moderate
OP3068,Cell Loading,Night,New,77,7,108,3,2,High
OP3069,Cell Loading,Night,Experienced,89,55,101,0,0,Low
OP3070,Packaging,Night,Experienced,87,27,117,1,2,Low
OP3071,Cell Loading,Night,Experienced,89,58,82,3,0,Low
OP3072,Cell Loading,Night,New,54,0,133,6,3,High
OP3073,Quality Inspection,Night,Intermediate,69,9,83,4,2,High
OP3074,Quality Inspection,Night,Experienced,91,49,107,2,4,Moderate
OP3075,Equipment Setup,Night,New,57,0,144,7,7,High
OP3076,Cell Loading,Night,Experienced,89,46,142,0,0,Low
OP3077,Cell Loading,Night,Experienced,96,34,115,3,0,Low
OP3078,Quality Inspection,Day,New,58,0,128,2,1,Moderate
OP3079,Cell Loading,Night,Intermediate,67,10,99,2,1,Low
OP3080,Packaging,Day,Intermediate,61,20,87,2,0,Low
OP3081,Equipment Setup,Night,Experienced,84,51,129,3,2,Moderate
OP3082,Formation,Night,Experienced,96,58,102,3,3,Moderate
OP3083,Quality Inspection,Day,Intermediate,74,19,114,3,3,Moderate
OP3084,Quality Inspection,Night,Experienced,91,38,89,1,0,Low
OP3085,Packaging,Day,New,47,7,128,0,0,Moderate
OP3086,Formation,Night,Intermediate,76,14,129,4,2,Low
OP3087,Cell Loading,Day,New,57,7,119,5,3,High
OP3088,Formation,Night,Experienced,80,34,124,2,0,Low
OP3089,Equipment Setup,Day,New,71,5,88,1,1,Moderate
OP3090,Cell Loading,Day,New,71,0,102,0,0,Low
OP3091,Formation,Night,New,58,4,131,7,3,High
OP3092,Packaging,Day,Experienced,86,59,124,0,1,Low
OP3093,Quality Inspection,Day,Intermediate,98,19,114,1,1,Low
OP3094,Packaging,Day,New,62,4,99,4,3,High
OP3095,Cell Loading,Night,Intermediate,84,22,129,4,6,Moderate
OP3096,Formation,Night,Experienced,95,26,130,1,0,Low
OP3097,Packaging,Night,Intermediate,71,12,108,0,0,Low
OP3098,Packaging,Night,Experienced,100,43,82,2,1,Low
OP3099,Formation,Day,Intermediate,90,9,124,7,3,High
OP3100,Quality Inspection,Night,Experienced,90,26,98,0,2,Low
OP3101,Cell Loading,Night,Intermediate,84,24,112,5,1,Moderate
OP3102,Packaging,Day,Intermediate,83,21,98,3,1,Low
OP3103,Equipment Setup,Night,Experienced,90,46,125,5,3,Low
OP3104,Equipment Setup,Night,Intermediate,89,15,137,3,2,Moderate
OP3105,Formation,Day,Intermediate,91,14,113,2,0,Moderate
OP3106,Quality Inspection,Day,Experienced,91,25,105,3,3,Moderate
OP3107,Quality Inspection,Day,Experienced,88,60,127,2,1,Moderate
OP3108,Packaging,Day,Intermediate,80,23,131,5,3,Moderate
OP3109,Equipment Setup,Day,Experienced,97,52,93,3,3,Low
OP3110,Quality Inspection,Night,Intermediate,87,20,125,1,0,Low
OP3111,Packaging,Day,Experienced,98,34,101,0,0,Low
OP3112,Packaging,Day,Intermediate,87,13,103,2,0,Low
OP3113,Packaging,Day,Intermediate,62,12,84,3,1,Moderate
OP3114,Packaging,Day,New,59,6,149,2,2,Moderate
OP3115,Formation,Day,Experienced,85,55,88,0,0,Low
OP3116,Equipment Setup,Night,New,87,5,124,4,3,High
OP3117,Formation,Night,New,57,7,111,7,5,High
OP3118,Equipment Setup,Night,Intermediate,63,23,109,6,2,High
OP3119,Cell Loading,Night,Experienced,85,37,121,0,1,Low
OP3120,Cell Loading,Night,New,67,7,144,6,4,High
OP3121,Quality Inspection,Day,Experienced,87,30,114,2,2,Low
OP3122,Cell Loading,Day,New,74,1,104,5,1,Moderate
OP3123,Equipment Setup,Day,Intermediate,90,11,101,4,3,Low
OP3124,Packaging,Night,New,70,5,104,2,2,Moderate
OP3125,Equipment Setup,Day,Intermediate,80,16,146,4,2,Moderate
OP3126,Quality Inspection,Day,Intermediate,88,26,113,1,0,Low
OP3127,Cell Loading,Night,Intermediate,86,21,135,4,3,High
OP3128,Cell Loading,Night,Experienced,91,30,104,0,1,Low
OP3129,Equipment Setup,Day,Intermediate,99,9,147,3,1,Low
OP3130,Packaging,Day,Experienced,84,37,92,1,1,Low
OP3131,Cell Loading,Night,Experienced,95,60,103,1,2,Low
OP3132,Formation,Night,New,69,3,146,5,4,High
OP3133,Formation,Night,New,77,4,111,2,1,Moderate
OP3134,Equipment Setup,Day,Experienced,97,59,87,2,4,Low
OP3135,Quality Inspection,Day,Intermediate,78,20,133,0,0,Low
OP3136,Packaging,Night,New,67,1,129,4,4,High
OP3137,Quality Inspection,Day,Experienced,94,42,80,1,2,Low
OP3138,Cell Loading,Night,New,61,8,137,5,4,High
OP3139,Cell Loading,Day,Experienced,97,54,104,0,0,Low
OP3140,Equipment Setup,Day,Intermediate,82,24,112,1,2,Low
OP3141,Cell Loading,Day,Intermediate,98,20,114,1,1,Low
OP3142,Cell Loading,Night,Experienced,66,57,145,2,2,Moderate
OP3143,Equipment Setup,Day,New,71,4,103,2,3,High
OP3144,Equipment Setup,Day,Experienced,93,60,93,3,3,Moderate
OP3145,Cell Loading,Night,New,67,8,142,4,4,Low
OP3146,Packaging,Night,Experienced,78,25,80,0,1,Low
OP3147,Cell Loading,Day,New,68,7,103,3,2,Moderate
OP3148,Quality Inspection,Night,Intermediate,82,15,143,3,2,Low
OP3149,Packaging,Night,Intermediate,79,18,135,5,2,Moderate
OP3150,Packaging,Day,Experienced,91,53,117,1,0,Low
OP3151,Formation,Day,Intermediate,90,16,137,2,2,Low
OP3152,Cell Loading,Night,Experienced,100,36,149,6,2,Moderate
OP3153,Quality Inspection,Night,Intermediate,77,10,145,1,1,Moderate
OP3154,Cell Loading,Night,Intermediate,87,17,110,1,0,Low
OP3155,Equipment Setup,Day,Experienced,91,43,100,4,4,Moderate
OP3156,Equipment Setup,Day,Experienced,76,55,142,5,2,Moderate
OP3157,Quality Inspection,Night,Intermediate,94,15,86,2,2,Low
OP3158,Packaging,Day,Experienced,86,33,139,0,0,Low
OP3159,Equipment Setup,Day,Experienced,88,26,83,5,3,Moderate
OP3160,Equipment Setup,Day,Intermediate,62,23,129,5,3,High
OP3161,Equipment Setup,Night,Experienced,75,25,90,5,3,Moderate
OP3162,Equipment Setup,Night,Experienced,96,43,86,3,2,Moderate
OP3163,Quality Inspection,Night,New,67,5,115,5,3,High
OP3164,Packaging,Night,Experienced,89,40,83,1,0,Low
OP3165,Formation,Day,Intermediate,80,20,140,2,2,Low
OP3166,Cell Loading,Night,Intermediate,70,23,130,1,4,Moderate
OP3167,Formation,Night,New,58,6,88,4,2,High
OP3168,Cell Loading,Day,Experienced,84,34,146,3,2,Low
OP3169,Packaging,Night,Intermediate,79,19,112,5,2,Moderate
OP3170,Formation,Day,Experienced,93,36,144,0,0,Low
OP3171,Cell Loading,Day,Intermediate,81,21,147,1,1,Low
OP3172,Cell Loading,Day,Experienced,81,45,95,6,3,Moderate
OP3173,Cell Loading,Night,Intermediate,94,22,137,4,1,Low
OP3174,Cell Loading,Night,Intermediate,76,18,121,4,3,Moderate
OP3175,Cell Loading,Night,New,71,6,88,1,0,Moderate
OP3176,Packaging,Day,New,62,6,134,2,2,High
OP3177,Equipment Setup,Night,Experienced,93,51,89,6,2,Moderate
OP3178,Equipment Setup,Day,Experienced,82,38,113,3,1,Moderate
OP3179,Cell Loading,Night,Experienced,91,25,144,2,3,Moderate
OP3180,Formation,Night,Experienced,85,30,148,3,3,Moderate
OP3181,Packaging,Night,Intermediate,91,20,93,5,5,High
OP3182,Cell Loading,Night,New,54,0,109,4,2,High
OP3183,Cell Loading,Day,Experienced,100,41,106,3,3,Moderate
OP3184,Packaging,Day,Intermediate,76,10,106,5,3,Moderate
OP3185,Formation,Night,Experienced,96,48,98,4,2,Low
OP3186,Equipment Setup,Day,Experienced,89,39,106,1,0,Low
OP3187,Equipment Setup,Night,Experienced,95,60,81,2,0,Low
OP3188,Quality Inspection,Day,New,47,1,146,2,1,Moderate
OP3189,Quality Inspection,Night,Intermediate,76,22,80,6,2,High
OP3190,Packaging,Night,Experienced,81,28,84,0,2,Low
OP3191,Packaging,Night,Experienced,94,28,131,3,0,Low
OP3192,Cell Loading,Night,Experienced,89,41,92,3,3,Moderate
OP3193,Formation,Day,New,66,0,103,0,0,Low
OP3194,Cell Loading,Night,New,76,6,83,4,1,Moderate
OP3195,Quality Inspection,Night,New,82,0,81,3,1,Moderate
OP3196,Packaging,Day,Experienced,82,27,129,1,0,Low
OP3197,Equipment Setup,Night,New,68,4,142,5,5,High
OP3198,Quality Inspection,Day,New,82,0,110,4,1,Moderate
OP3199,Formation,Night,New,75,4,112,1,1,Moderate
OP3200,Quality Inspection,Day,Experienced,71,50,122,0,0,Low
OP3201,Formation,Day,Experienced,75,39,115,3,0,Low
OP3202,Equipment Setup,Day,Experienced,80,55,120,2,1,Low
OP3203,Cell Loading,Day,Intermediate,92,19,84,3,2,Low
OP3204,Cell Loading,Night,Experienced,86,30,93,2,2,Low
OP3205,Formation,Day,Experienced,100,47,102,7,4,High
OP3206,Packaging,Day,Intermediate,74,22,127,2,0,Low
OP3207,Quality Inspection,Night,Experienced,89,54,93,1,0,Low
OP3208,Quality Inspection,Night,Experienced,87,39,133,3,2,Low
OP3209,Quality Inspection,Day,Experienced,82,59,119,3,2,Moderate
OP3210,Equipment Setup,Night,New,55,7,136,7,3,High
OP3211,Quality Inspection,Night,Experienced,81,39,84,2,2,Low
OP3212,Formation,Night,Experienced,94,26,136,0,1,Low
OP3213,Formation,Night,Experienced,93,39,99,1,2,Moderate
OP3214,Packaging,Day,New,77,8,82,3,0,Low
OP3215,Quality Inspection,Night,New,88,7,107,3,3,Moderate
OP3216,Formation,Night,Intermediate,85,16,92,6,3,Moderate
OP3217,Quality Inspection,Night,New,68,6,97,2,2,Moderate
OP3218,Cell Loading,Night,New,69,2,113,4,3,High
OP3219,Cell Loading,Day,New,83,2,139,2,2,Moderate
OP3220,Packaging,Night,Experienced,92,54,131,1,0,Low
OP3221,Formation,Night,Intermediate,83,11,98,2,0,Low
OP3222,Formation,Day,Intermediate,82,23,85,5,1,Moderate
OP3223,Formation,Day,Intermediate,77,16,148,3,1,Low
OP3224,Cell Loading,Night,Intermediate,70,18,81,2,3,Low
OP3225,Quality Inspection,Night,Experienced,94,47,93,3,2,Low
OP3226,Formation,Day,Experienced,90,57,146,5,0,Moderate
OP3227,Quality Inspection,Night,New,54,7,144,5,3,High
OP3228,Packaging,Night,Intermediate,80,21,148,2,2,Low
OP3229,Formation,Night,Intermediate,73,17,133,2,0,Low
OP3230,Quality Inspection,Night,Intermediate,77,18,83,3,3,Moderate
OP3231,Formation,Day,Experienced,83,24,130,4,1,Low
OP3232,Formation,Day,New,57,1,134,4,3,High
OP3233,Equipment Setup,Night,Intermediate,79,21,87,0,1,Low
OP3234,Cell Loading,Night,Experienced,96,34,110,4,3,Moderate
OP3235,Equipment Setup,Night,Experienced,83,42,98,4,1,Low
OP3236,Quality Inspection,Day,Experienced,100,39,92,0,1,Low
OP3237,Equipment Setup,Night,Intermediate,85,9,87,7,5,High
OP3238,Equipment Setup,Night,Experienced,79,35,145,4,3,Moderate
OP3239,Packaging,Day,Experienced,97,60,100,0,0,Low
OP3240,Formation,Day,Intermediate,73,14,130,2,1,Low
OP3241,Cell Loading,Day,Experienced,98,60,82,5,4,Moderate
OP3242,Packaging,Night,Intermediate,93,13,127,3,2,Moderate
OP3243,Packaging,Night,Experienced,79,26,107,1,1,Low
OP3244,Quality Inspection,Day,New,80,5,137,1,0,Low
OP3245,Equipment Setup,Night,Experienced,95,55,141,1,1,Low
OP3246,Cell Loading,Night,Intermediate,81,9,84,1,1,Low
OP3247,Packaging,Day,Intermediate,92,17,100,2,2,Low
OP3248,Quality Inspection,Day,Experienced,92,55,125,1,0,Low
OP3249,Quality Inspection,Night,New,71,6,147,4,4,Low
OP3250,Packaging,Night,Intermediate,79,17,145,4,1,Low
OP3251,Packaging,Night,Intermediate,75,18,122,1,0,Low
OP3252,Formation,Day,Intermediate,82,21,126,5,2,Moderate
OP3253,Equipment Setup,Day,Experienced,82,40,138,5,1,Moderate
OP3254,Quality Inspection,Night,Experienced,83,54,149,4,4,Moderate
OP3255,Cell Loading,Night,New,56,4,112,6,4,High
OP3256,Equipment Setup,Day,Experienced,78,51,147,2,2,Low
OP3257,Packaging,Day,Intermediate,68,15,100,1,0,Low
OP3258,Packaging,Day,Experienced,90,33,142,1,2,Low
OP3259,Packaging,Night,Experienced,94,59,127,0,0,Moderate
OP3260,Quality Inspection,Day,New,71,8,119,5,2,Moderate
OP3261,Packaging,Day,New,85,5,116,1,2,Moderate
OP3262,Quality Inspection,Night,Experienced,88,46,132,1,0,Low
OP3263,Quality Inspection,Night,Experienced,84,27,80,3,0,Low
OP3264,Quality Inspection,Day,New,64,6,130,6,2,Moderate
OP3265,Equipment Setup,Night,New,84,2,114,2,0,Low
OP3266,Cell Loading,Night,Experienced,97,48,98,3,3,Moderate
OP3267,Cell Loading,Day,Intermediate,93,19,110,4,2,Low
OP3268,Equipment Setup,Day,Intermediate,87,14,127,4,3,Low
OP3269,Cell Loading,Night,Intermediate,68,20,147,3,1,Low
OP3270,Quality Inspection,Day,New,51,5,105,4,4,High
OP3271,Cell Loading,Night,Experienced,85,25,127,4,2,Low
OP3272,Packaging,Day,Experienced,97,45,97,3,2,Low
OP3273,Formation,Day,Intermediate,87,11,140,3,1,Low
OP3274,Formation,Night,Experienced,91,34,98,2,0,Low
OP3275,Formation,Night,New,74,2,113,4,1,High
OP3276,Formation,Day,New,66,3,149,3,3,High
OP3277,Equipment Setup,Night,Intermediate,74,16,94,2,1,Low
OP3278,Packaging,Night,Experienced,74,49,138,0,1,Low
OP3279,Packaging,Day,Intermediate,83,9,111,3,1,Low
OP3280,Packaging,Night,Intermediate,78,14,105,0,0,Low
OP3281,Equipment Setup,Night,Experienced,83,54,104,4,2,Moderate
OP3282,Cell Loading,Day,New,76,1,100,3,1,Moderate
OP3283,Formation,Night,Experienced,63,27,89,4,3,Moderate
OP3284,Quality Inspection,Night,Experienced,82,58,124,5,1,Moderate
OP3285,Cell Loading,Day,Experienced,86,54,123,0,0,Low
OP3286,Equipment Setup,Night,Experienced,81,30,84,3,2,Low
OP3287,Equipment Setup,Night,New,71,2,104,6,4,High
OP3288,Packaging,Night,Intermediate,78,23,114,4,2,Low
OP3289,Packaging,Day,Intermediate,76,21,80,2,0,Low
OP3290,Packaging,Day,Experienced,75,28,132,0,0,Low
OP3291,Quality Inspection,Night,Intermediate,93,9,120,1,0,Low
OP3292,Packaging,Night,Experienced,100,35,97,0,0,Low
OP3293,Formation,Day,Intermediate,82,20,95,3,2,Moderate
OP3294,Formation,Night,New,65,1,131,5,1,High
OP3295,Quality Inspection,Night,Experienced,95,49,84,0,1,Low
OP3296,Formation,Day,New,70,4,118,4,4,High
OP3297,Equipment Setup,Day,New,71,4,87,1,2,Moderate
OP3298,Cell Loading,Day,Intermediate,62,17,90,7,3,High
OP3299,Cell Loading,Day,New,73,5,146,1,0,Low
OP3300,Packaging,Day,Intermediate,87,17,131,2,0,Low
OP3301,Quality Inspection,Night,New,67,2,93,4,2,High
OP3302,Formation,Night,New,64,5,133,6,5,High
OP3303,Quality Inspection,Day,Experienced,88,47,105,1,0,Moderate
OP3304,Packaging,Night,Experienced,88,36,84,1,0,Low
OP3305,Cell Loading,Day,Intermediate,89,12,110,3,0,Low
OP3306,Formation,Day,Experienced,100,57,137,0,2,Low
OP3307,Cell Loading,Night,Experienced,83,44,99,3,1,Low
OP3308,Quality Inspection,Night,Experienced,65,55,135,0,0,Moderate
OP3309,Cell Loading,Day,Experienced,89,54,134,0,0,Low
OP3310,Formation,Night,New,56,2,125,5,1,High
OP3311,Formation,Night,Intermediate,82,14,129,6,5,High
OP3312,Cell Loading,Night,Experienced,90,33,133,3,2,Moderate
OP3313,Formation,Night,New,64,3,130,6,3,High
OP3314,Cell Loading,Day,Experienced,78,49,143,0,0,Moderate
OP3315,Formation,Night,Experienced,92,28,103,1,2,Low
OP3316,Packaging,Night,Experienced,82,44,88,1,1,Low
OP3317,Packaging,Day,Experienced,93,27,144,4,3,Moderate
OP3318,Packaging,Day,New,64,1,91,7,5,High
OP3319,Formation,Day,Intermediate,86,24,93,2,2,Low
OP3320,Packaging,Day,Experienced,79,40,87,4,0,Low
OP3321,Packaging,Night,Intermediate,78,20,120,2,3,Low
OP3322,Quality Inspection,Day,Intermediate,75,14,83,1,0,Low
OP3323,Cell Loading,Day,Experienced,90,25,92,2,0,Low
OP3324,Equipment Setup,Night,New,63,6,113,6,4,High
OP3325,Equipment Setup,Night,Experienced,77,50,101,6,4,High
OP3326,Formation,Day,Experienced,93,26,132,4,2,Moderate
OP3327,Equipment Setup,Night,Intermediate,85,21,104,3,1,Moderate
OP3328,Formation,Day,New,76,4,118,5,3,High
OP3329,Quality Inspection,Day,Intermediate,83,10,136,0,2,Low
OP3330,Equipment Setup,Day,Experienced,98,36,101,3,0,Low
OP3331,Cell Loading,Night,Intermediate,78,11,94,3,0,Moderate
OP3332,Formation,Day,New,65,6,144,4,2,Moderate
OP3333,Quality Inspection,Night,Intermediate,77,15,118,2,0,Low
OP3334,Equipment Setup,Day,Experienced,100,49,82,2,2,Low
OP3335,Formation,Day,Experienced,94,50,108,3,1,Low
OP3336,Formation,Day,Experienced,81,58,89,2,0,Low
OP3337,Cell Loading,Night,Experienced,73,29,124,2,2,Low
OP3338,Quality Inspection,Night,New,55,5,105,4,3,High
OP3339,Formation,Night,Intermediate,78,23,104,5,3,Moderate
OP3340,Formation,Day,Intermediate,71,23,103,3,2,Moderate
OP3341,Formation,Night,Experienced,75,34,145,5,2,Moderate
OP3342,Packaging,Night,New,62,8,140,1,1,Moderate
OP3343,Quality Inspection,Day,New,62,4,87,6,3,High
OP3344,Packaging,Night,Experienced,87,53,122,2,2,Low
OP3345,Formation,Night,Intermediate,78,15,148,3,2,Moderate
OP3346,Packaging,Day,Intermediate,65,21,112,3,1,Low
OP3347,Equipment Setup,Day,Experienced,87,48,118,2,1,Moderate
OP3348,Packaging,Night,Experienced,75,47,81,0,0,Low
OP3349,Equipment Setup,Day,Experienced,93,28,98,4,1,Moderate
OP3350,Packaging,Night,New,53,2,110,2,0,High
OP3351,Packaging,Day,New,68,4,134,1,0,Low
OP3352,Equipment Setup,Day,Intermediate,74,23,102,1,0,Low
OP3353,Packaging,Night,Intermediate,81,15,95,3,0,Low
OP3354,Formation,Day,Experienced,88,56,107,5,1,Low
OP3355,Quality Inspection,Day,Intermediate,69,18,149,0,0,Low
OP3356,Formation,Day,New,71,7,112,3,0,Low
OP3357,Quality Inspection,Day,Experienced,89,54,114,0,0,Low
OP3358,Cell Loading,Day,Experienced,100,34,104,4,4,Moderate
OP3359,Packaging,Night,New,75,4,124,5,1,Moderate
OP3360,Equipment Setup,Night,New,71,1,138,5,2,High
OP3361,Formation,Day,New,69,6,105,5,4,High
OP3362,Packaging,Day,New,71,2,123,3,2,Moderate
OP3363,Equipment Setup,Day,Intermediate,76,20,140,4,3,Moderate
OP3364,Cell Loading,Night,Intermediate,78,14,104,4,4,Moderate
OP3365,Cell Loading,Night,Intermediate,81,16,119,5,1,Low
OP3366,Cell Loading,Night,Experienced,67,37,82,4,3,Moderate
OP3367,Equipment Setup,Day,Experienced,95,30,107,1,0,Low
OP3368,Cell Loading,Day,Intermediate,87,15,97,3,2,Moderate
OP3369,Equipment Setup,Day,Intermediate,89,10,127,0,0,Low
OP3370,Formation,Night,Intermediate,86,12,114,2,1,Low
OP3371,Cell Loading,Day,Experienced,88,42,125,1,0,Low
OP3372,Packaging,Night,Experienced,75,33,128,0,2,Low
OP3373,Equipment Setup,Day,New,62,4,96,8,4,High
OP3374,Quality Inspection,Day,Experienced,86,26,146,2,1,Low
OP3375,Cell Loading,Night,New,59,6,114,6,2,Low
OP3376,Cell Loading,Night,New,69,0,135,2,3,Moderate
OP3377,Equipment Setup,Day,Experienced,81,44,115,0,0,Low
OP3378,Cell Loading,Day,Experienced,91,27,137,0,0,Low
OP3379,Equipment Setup,Day,Intermediate,85,12,89,2,0,Low
OP3380,Packaging,Day,New,68,8,128,4,2,Moderate
OP3381,Equipment Setup,Night,New,60,4,121,6,2,High
OP3382,Equipment Setup,Day,New,74,0,99,5,4,High
OP3383,Packaging,Night,New,46,0,104,4,3,High
OP3384,Packaging,Day,Experienced,83,60,89,0,0,Low
OP3385,Packaging,Night,Experienced,84,31,112,1,1,Low
OP3386,Packaging,Day,Experienced,83,49,114,0,2,Low
OP3387,Equipment Setup,Night,New,65,0,112,7,5,High
OP3388,Cell Loading,Day,Intermediate,90,10,97,0,0,Low
OP3389,Quality Inspection,Night,Intermediate,85,7,95,0,1,Moderate
OP3390,Quality Inspection,Day,New,71,8,129,0,1,Low
OP3391,Cell Loading,Day,Experienced,91,26,87,1,1,Low
OP3392,Packaging,Night,New,58,4,99,4,1,Low
OP3393,Cell Loading,Night,Intermediate,81,12,124,3,0,Low
OP3394,Packaging,Night,New,54,4,111,5,3,High
OP3395,Equipment Setup,Night,New,61,8,87,5,2,High
OP3396,Quality Inspection,Night,Experienced,100,40,142,2,4,Moderate
OP3397,Packaging,Night,New,77,5,88,3,2,Moderate
OP3398,Cell Loading,Day,Intermediate,78,23,83,2,0,Low
OP3399,Cell Loading,Night,Experienced,89,26,139,0,2,Low
OP3400,Cell Loading,Night,Intermediate,68,22,81,3,1,Low
OP3401,Quality Inspection,Night,New,73,7,83,5,3,Moderate
OP3402,Packaging,Day,New,68,1,141,0,2,Moderate
OP3403,Packaging,Day,New,52,2,109,4,4,High
OP3404,Equipment Setup,Night,Intermediate,88,18,94,3,4,Moderate
OP3405,Formation,Day,New,64,7,87,6,2,Moderate
OP3406,Cell Loading,Night,Intermediate,94,15,145,1,3,Low
OP3407,Cell Loading,Night,New,60,4,146,4,2,High
OP3408,Quality Inspection,Night,Experienced,85,40,112,0,0,Low
OP3409,Cell Loading,Night,Intermediate,67,10,94,4,3,Moderate
OP3410,Cell Loading,Night,Experienced,80,54,117,3,3,Moderate
OP3411,Cell Loading,Day,Experienced,82,58,116,3,2,Low
OP3412,Quality Inspection,Night,Experienced,71,26,136,1,2,Low
OP3413,Cell Loading,Day,Experienced,100,29,93,2,2,Low
OP3414,Equipment Setup,Night,Intermediate,85,13,100,6,4,Moderate
OP3415,Equipment Setup,Night,Intermediate,66,13,107,3,3,Moderate
OP3416,Packaging,Day,New,64,4,128,5,2,Moderate
OP3417,Formation,Night,Intermediate,74,24,127,5,4,High
OP3418,Equipment Setup,Day,Experienced,91,28,85,3,0,Low
OP3419,Packaging,Night,Intermediate,71,20,89,5,5,Low
OP3420,Quality Inspection,Night,Experienced,76,44,92,6,6,High
OP3421,Formation,Night,Intermediate,71,14,125,4,5,High
OP3422,Quality Inspection,Day,Experienced,100,38,138,0,1,Low
OP3423,Equipment Setup,Night,Experienced,77,37,130,5,3,High
OP3424,Equipment Setup,Night,Experienced,77,57,106,3,1,Moderate
OP3425,Cell Loading,Day,Intermediate,73,14,114,2,2,Low
OP3426,Equipment Setup,Night,Intermediate,66,19,126,4,2,High
OP3427,Equipment Setup,Night,New,66,1,84,3,3,High
OP3428,Packaging,Night,Intermediate,89,10,84,4,1,Low
OP3429,Packaging,Day,New,70,6,137,5,0,Moderate
OP3430,Quality Inspection,Day,Intermediate,70,20,131,3,1,Low
OP3431,Quality Inspection,Night,Experienced,79,32,124,1,0,Low
OP3432,Packaging,Day,Experienced,72,33,111,0,1,Low
OP3433,Quality Inspection,Night,New,62,6,126,6,1,High
OP3434,Quality Inspection,Day,New,63,3,140,0,0,Moderate
OP3435,Equipment Setup,Day,Experienced,82,51,149,5,2,High
OP3436,Quality Inspection,Night,New,70,3,99,7,4,High
OP3437,Packaging,Day,Experienced,89,38,143,2,0,Low
OP3438,Equipment Setup,Night,Experienced,94,45,96,0,0,Low
OP3439,Equipment Setup,Day,New,84,7,90,4,1,Moderate
OP3440,Formation,Day,Intermediate,79,9,82,3,2,Moderate
OP3441,Packaging,Night,Intermediate,75,13,142,2,2,Low
OP3442,Formation,Night,Experienced,84,40,104,1,2,Moderate
OP3443,Packaging,Day,New,59,6,88,1,1,High
OP3444,Formation,Day,New,64,6,123,0,0,Moderate
OP3445,Quality Inspection,Night,Experienced,79,55,97,1,0,Low
OP3446,Packaging,Night,Intermediate,75,20,145,1,1,Low
OP3447,Quality Inspection,Night,Intermediate,45,11,136,1,2,Moderate
OP3448,Equipment Setup,Night,Experienced,100,43,112,2,2,Moderate
OP3449,Quality Inspection,Day,New,72,7,98,3,2,Moderate
OP3450,Equipment Setup,Night,New,89,8,136,5,2,High
OP3451,Equipment Setup,Night,Intermediate,84,18,118,2,3,Moderate
OP3452,Cell Loading,Night,Experienced,80,29,88,0,0,Low
OP3453,Packaging,Night,Intermediate,87,11,111,5,3,Moderate
OP3454,Quality Inspection,Day,Experienced,100,38,112,5,2,Moderate
OP3455,Packaging,Night,Intermediate,73,22,145,4,2,Moderate
OP3456,Packaging,Night,New,65,6,135,5,2,High
OP3457,Quality Inspection,Day,Intermediate,79,22,137,1,0,Low
OP3458,Cell Loading,Night,Experienced,82,56,138,1,1,Low
OP3459,Quality Inspection,Night,New,72,6,150,1,1,Moderate
OP3460,Quality Inspection,Night,Intermediate,73,21,94,2,2,Moderate
OP3461,Formation,Night,Experienced,90,45,94,2,2,Moderate
OP3462,Quality Inspection,Day,Experienced,82,55,87,3,2,Low
OP3463,Formation,Night,Intermediate,89,22,100,1,1,Low
OP3464,Quality Inspection,Night,Intermediate,72,18,126,2,3,Moderate
OP3465,Quality Inspection,Night,New,55,5,98,6,5,High
OP3466,Quality Inspection,Night,New,79,7,135,0,1,Moderate
OP3467,Packaging,Night,Experienced,84,42,146,0,0,Low
OP3468,Formation,Night,Experienced,82,58,118,4,5,High
OP3469,Packaging,Day,Experienced,76,47,84,0,0,Low
OP3470,Packaging,Night,Intermediate,84,19,139,0,0,Low
OP3471,Quality Inspection,Night,Intermediate,76,19,142,1,2,Moderate
OP3472,Formation,Night,New,69,2,93,7,4,High
OP3473,Quality Inspection,Day,Intermediate,63,13,91,3,0,High
OP3474,Formation,Night,Intermediate,91,23,127,3,2,Moderate
OP3475,Formation,Night,Experienced,81,56,149,3,2,Moderate
OP3476,Equipment Setup,Night,Experienced,100,51,117,2,2,Low
OP3477,Cell Loading,Day,New,68,0,113,3,1,Moderate
OP3478,Formation,Night,Experienced,84,37,85,2,1,Low
OP3479,Equipment Setup,Day,Experienced,84,31,129,1,0,Low
OP3480,Quality Inspection,Night,Experienced,75,58,149,0,1,Low
OP3481,Equipment Setup,Day,Experienced,87,55,125,0,1,Low
OP3482,Formation,Day,Intermediate,84,23,130,3,2,Low
OP3483,Packaging,Day,New,68,1,121,3,2,Moderate
OP3484,Quality Inspection,Day,Intermediate,68,21,91,1,1,Low
OP3485,Equipment Setup,Day,Intermediate,86,19,86,5,2,Moderate
OP3486,Cell Loading,Night,Intermediate,92,19,94,4,2,Low
OP3487,Packaging,Night,Intermediate,80,18,137,2,3,Moderate
OP3488,Formation,Day,Experienced,76,35,86,1,1,Low
OP3489,Equipment Setup,Day,Intermediate,80,9,115,4,3,Low
OP3490,Equipment Setup,Night,New,76,5,94,6,3,Low
OP3491,Quality Inspection,Day,New,72,0,129,0,1,Moderate
OP3492,Quality Inspection,Day,New,82,3,124,6,1,Moderate
OP3493,Packaging,Night,New,60,2,118,4,2,High
OP3494,Cell Loading,Night,Experienced,95,36,125,1,4,Low
OP3495,Equipment Setup,Night,Experienced,87,45,132,6,1,Low
OP3496,Packaging,Night,New,71,5,122,4,1,Moderate
OP3497,Packaging,Night,Experienced,100,56,118,1,0,Low
OP3498,Cell Loading,Night,New,65,4,100,2,0,Moderate
OP3499,Cell Loading,Day,Intermediate,75,14,128,6,2,Moderate
OP3500,Formation,Night,Intermediate,75,17,92,2,0,Low
OP3501,Equipment Setup,Day,Experienced,100,59,109,1,3,Low
OP3502,Formation,Night,Intermediate,65,16,150,2,1,Low
OP3503,Formation,Day,New,69,1,111,4,1,Moderate
OP3504,Formation,Day,Experienced,88,28,121,2,0,Low
OP3505,Quality Inspection,Night,New,63,5,117,2,3,Low
OP3506,Packaging,Day,Experienced,92,36,114,0,1,Low
OP3507,Packaging,Day,Experienced,93,44,86,0,0,Low
OP3508,Quality Inspection,Night,Experienced,64,26,115,4,2,Low
OP3509,Equipment Setup,Night,Experienced,88,60,126,2,1,Moderate
OP3510,Cell Loading,Day,Intermediate,80,12,112,4,2,Moderate
OP3511,Cell Loading,Night,Intermediate,78,8,83,6,2,High
OP3512,Formation,Night,Experienced,80,55,124,1,0,Low
OP3513,Equipment Setup,Night,Intermediate,65,11,143,4,2,Moderate
OP3514,Formation,Day,Experienced,73,39,100,0,1,Low
OP3515,Quality Inspection,Day,Experienced,73,31,133,2,3,Moderate
OP3516,Formation,Day,Experienced,79,36,98,3,2,Low
OP3517,Cell Loading,Night,New,71,7,112,2,1,Moderate
OP3518,Packaging,Day,New,72,2,92,4,2,Moderate
OP3519,Cell Loading,Day,New,71,7,87,5,1,Moderate
OP3520,Quality Inspection,Day,New,81,5,100,5,1,Moderate
OP3521,Quality Inspection,Night,Intermediate,86,18,81,1,0,Low
OP3522,Formation,Night,Experienced,88,49,99,2,3,Moderate
OP3523,Packaging,Day,Experienced,92,31,128,0,0,Low
OP3524,Equipment Setup,Day,Experienced,87,58,112,1,0,Low
OP3525,Equipment Setup,Night,New,86,4,116,1,1,Moderate
OP3526,Quality Inspection,Day,Intermediate,84,9,116,1,0,Low
OP3527,Packaging,Day,Experienced,100,45,145,0,0,Low
OP3528,Cell Loading,Day,Intermediate,80,11,110,2,3,Moderate
OP3529,Equipment Setup,Night,Intermediate,69,16,136,3,0,Moderate
OP3530,Packaging,Day,Experienced,94,58,116,2,2,Moderate
OP3531,Cell Loading,Day,Intermediate,76,11,86,3,1,Low
OP3532,Equipment Setup,Night,Experienced,100,38,147,8,1,Moderate
OP3533,Packaging,Day,Experienced,100,39,127,3,0,Low
OP3534,Equipment Setup,Day,Intermediate,87,12,95,2,3,Low
OP3535,Formation,Night,Intermediate,65,15,123,4,3,Moderate
OP3536,Equipment Setup,Night,New,60,0,117,4,3,High
OP3537,Formation,Day,Experienced,97,30,94,1,1,Low
OP3538,Quality Inspection,Day,Intermediate,96,24,142,0,2,Low
OP3539,Quality Inspection,Night,Experienced,88,29,102,1,1,Low
OP3540,Quality Inspection,Night,Intermediate,69,11,139,3,1,Moderate
OP3541,Formation,Day,Experienced,92,28,98,0,0,Low
OP3542,Packaging,Night,Intermediate,76,9,148,6,4,Moderate
OP3543,Quality Inspection,Day,Intermediate,81,23,149,2,4,Low
OP3544,Cell Loading,Day,Intermediate,78,15,97,2,1,Low
OP3545,Formation,Day,Experienced,84,30,83,1,1,Low
OP3546,Packaging,Day,Experienced,99,34,130,4,3,Low
OP3547,Quality Inspection,Day,Experienced,89,52,86,2,2,Low
OP3548,Cell Loading,Night,New,51,4,96,2,2,High
OP3549,Packaging,Night,Intermediate,87,17,98,1,3,Low
OP3550,Cell Loading,Night,Intermediate,89,23,130,5,1,Low
OP3551,Equipment Setup,Night,Experienced,82,39,123,4,5,High
OP3552,Packaging,Night,Experienced,91,42,139,0,1,Low
OP3553,Equipment Setup,Day,Intermediate,75,16,125,6,4,Moderate
OP3554,Quality Inspection,Night,Experienced,88,53,117,4,2,Moderate
OP3555,Packaging,Day,Intermediate,78,14,143,3,0,Low
OP3556,Quality Inspection,Night,Experienced,68,45,149,3,4,Moderate
OP3557,Equipment Setup,Night,Intermediate,90,12,116,3,3,Moderate
OP3558,Cell Loading,Day,Intermediate,74,8,127,0,0,Low
OP3559,Equipment Setup,Night,Intermediate,79,10,128,6,4,High
OP3560,Formation,Night,New,86,4,147,6,3,High
OP3561,Equipment Setup,Night,New,72,1,142,6,4,Low
OP3562,Cell Loading,Night,New,71,1,101,2,1,High
OP3563,Equipment Setup,Night,Intermediate,90,13,127,1,0,Moderate
OP3564,Equipment Setup,Night,Experienced,86,57,99,2,2,Moderate
OP3565,Equipment Setup,Day,Experienced,88,27,89,3,0,Low
OP3566,Equipment Setup,Day,New,54,6,141,6,8,High
OP3567,Packaging,Day,New,73,6,99,1,2,Moderate
OP3568,Packaging,Night,New,90,7,99,1,1,Moderate
OP3569,Quality Inspection,Night,Intermediate,84,14,146,1,0,Low
OP3570,Packaging,Night,Experienced,81,44,97,3,2,Moderate
OP3571,Quality Inspection,Night,Intermediate,92,23,99,3,1,Low
OP3572,Cell Loading,Day,Experienced,100,51,139,0,0,Low
OP3573,Quality Inspection,Day,Intermediate,98,15,118,1,0,Low
OP3574,Quality Inspection,Day,Intermediate,79,10,135,1,0,Low
OP3575,Formation,Night,Experienced,73,56,121,6,2,Moderate
OP3576,Quality Inspection,Night,Intermediate,66,12,101,3,2,Moderate
OP3577,Equipment Setup,Night,Experienced,83,34,134,5,3,Moderate
OP3578,Equipment Setup,Night,Experienced,82,44,83,2,2,Moderate
OP3579,Quality Inspection,Night,Intermediate,84,18,102,4,3,Moderate
OP3580,Cell Loading,Night,Intermediate,93,14,133,1,1,Low
OP3581,Cell Loading,Day,Experienced,88,39,105,2,3,Moderate
OP3582,Quality Inspection,Night,Experienced,94,31,147,2,0,Low
OP3583,Cell Loading,Night,New,46,1,123,7,4,High
OP3584,Formation,Night,Experienced,84,33,91,4,0,Low
OP3585,Formation,Day,New,64,7,122,3,2,High
OP3586,Cell Loading,Night,Experienced,86,35,92,3,1,Moderate
OP3587,Cell Loading,Night,Experienced,93,42,117,3,3,Low
OP3588,Formation,Night,Experienced,71,57,143,2,1,Low
OP3589,Packaging,Night,Experienced,78,47,117,0,0,Low
OP3590,Packaging,Night,Experienced,85,54,103,1,1,Low
OP3591,Packaging,Day,New,58,0,95,6,5,High
OP3592,Equipment Setup,Day,Experienced,82,53,96,2,1,Low
OP3593,Cell Loading,Night,Experienced,75,23,122,3,1,Low
OP3594,Quality Inspection,Day,New,70,5,142,5,7,High
OP3595,Formation,Day,Intermediate,74,12,105,0,1,Low
OP3596,Quality Inspection,Night,Intermediate,80,24,109,4,1,Low
OP3597,Equipment Setup,Day,Experienced,91,47,102,2,2,Low
OP3598,Cell Loading,Day,Intermediate,92,11,148,1,0,Low
OP3599,Quality Inspection,Night,Intermediate,67,19,136,4,1,Moderate
OP3600,Cell Loading,Night,Experienced,78,50,133,1,0,Low
OP3601,Formation,Day,Intermediate,90,19,96,3,2,Low
OP3602,Quality Inspection,Day,New,62,5,98,3,4,High
OP3603,Cell Loading,Day,Experienced,78,40,117,0,0,Moderate
OP3604,Packaging,Night,Experienced,100,53,117,1,2,Low
OP3605,Formation,Day,New,76,3,111,3,1,Moderate
OP3606,Quality Inspection,Night,Experienced,80,54,82,0,1,Moderate
OP3607,Packaging,Day,Intermediate,63,20,133,1,0,Low
OP3608,Packaging,Night,Intermediate,77,12,81,3,2,Low
OP3609,Packaging,Day,Intermediate,83,21,99,4,2,Low
OP3610,Equipment Setup,Day,Experienced,77,34,108,2,3,Low
OP3611,Equipment Setup,Day,New,78,9,126,1,1,Moderate
OP3612,Packaging,Day,New,72,2,146,1,1,Moderate
OP3613,Quality Inspection,Night,Intermediate,76,11,138,4,1,Low
OP3614,Quality Inspection,Night,Experienced,100,47,127,1,2,Low
OP3615,Quality Inspection,Night,New,58,3,112,3,1,High
OP3616,Packaging,Day,New,77,4,140,3,0,Low
OP3617,Quality Inspection,Night,Intermediate,74,18,98,5,5,Moderate
OP3618,Cell Loading,Day,Experienced,82,46,140,2,3,Moderate
OP3619,Packaging,Day,New,55,6,121,3,0,Moderate
OP3620,Packaging,Night,Intermediate,74,24,110,3,0,Low
OP3621,Cell Loading,Night,Experienced,84,31,137,1,1,Moderate
OP3622,Quality Inspection,Day,Experienced,96,39,142,4,2,Moderate
OP3623,Equipment Setup,Night,New,60,7,103,6,3,Low
OP3624,Packaging,Day,Intermediate,57,12,97,3,3,Moderate
OP3625,Quality Inspection,Night,Intermediate,100,22,140,0,0,Low
OP3626,Packaging,Night,Experienced,74,56,90,2,1,Low
OP3627,Equipment Setup,Night,Intermediate,59,10,108,3,1,High
OP3628,Cell Loading,Day,Experienced,85,58,149,4,4,Moderate
OP3629,Formation,Day,New,67,6,86,6,1,Low
OP3630,Quality Inspection,Night,Experienced,97,39,127,1,3,Low
OP3631,Equipment Setup,Night,Experienced,68,29,101,3,0,Low
OP3632,Equipment Setup,Night,Intermediate,67,13,99,4,1,Low
OP3633,Packaging,Night,Experienced,92,42,145,0,0,Low
OP3634,Packaging,Day,Experienced,77,29,146,1,0,Moderate
OP3635,Cell Loading,Night,New,65,9,142,3,1,Moderate
OP3636,Quality Inspection,Day,Experienced,78,55,141,4,0,Low
OP3637,Packaging,Day,Experienced,89,36,143,3,0,Low
OP3638,Packaging,Day,Experienced,69,56,98,2,3,Moderate
OP3639,Equipment Setup,Night,Experienced,92,51,130,1,2,Low
OP3640,Equipment Setup,Night,Experienced,87,52,137,4,1,Low
OP3641,Formation,Day,Experienced,83,30,142,2,1,Low
OP3642,Packaging,Night,Intermediate,85,23,81,2,0,Low
OP3643,Quality Inspection,Night,Intermediate,76,19,133,0,0,Low
OP3644,Equipment Setup,Day,Experienced,80,25,150,2,1,Low
OP3645,Cell Loading,Night,Intermediate,77,24,129,4,2,Moderate
OP3646,Formation,Day,New,94,2,113,3,2,Moderate
OP3647,Packaging,Day,Intermediate,75,19,109,4,3,Moderate
OP3648,Packaging,Night,Intermediate,76,9,144,4,2,Moderate
OP3649,Packaging,Night,Intermediate,82,23,141,0,0,Low
OP3650,Cell Loading,Day,Intermediate,76,15,106,0,0,Low
OP3651,Cell Loading,Night,Intermediate,81,23,93,4,1,Moderate
OP3652,Equipment Setup,Day,Intermediate,85,24,146,2,2,Low
OP3653,Quality Inspection,Day,Experienced,100,38,124,3,2,Low
OP3654,Cell Loading,Day,Experienced,71,53,148,3,4,Moderate
OP3655,Equipment Setup,Night,New,80,1,113,6,4,Low
OP3656,Quality Inspection,Night,New,64,6,110,5,2,High
OP3657,Cell Loading,Night,Intermediate,88,17,130,4,2,Low
OP3658,Cell Loading,Night,Intermediate,89,15,130,3,2,Moderate
OP3659,Equipment Setup,Night,Experienced,81,57,83,0,0,Low
OP3660,Equipment Setup,Day,Experienced,98,42,82,1,2,Moderate
OP3661,Quality Inspection,Day,Intermediate,83,24,121,2,2,Low
OP3662,Quality Inspection,Night,Intermediate,73,13,90,6,3,High
OP3663,Formation,Day,Intermediate,79,13,140,5,2,Low
OP3664,Equipment Setup,Day,Experienced,80,27,150,4,2,Moderate
OP3665,Equipment Setup,Day,New,70,0,131,2,0,Moderate
OP3666,Packaging,Day,Experienced,94,35,125,0,0,Low
OP3667,Packaging,Night,Intermediate,78,11,90,4,2,Moderate
OP3668,Packaging,Night,Intermediate,81,10,135,0,0,Low
OP3669,Cell Loading,Night,Experienced,78,29,144,2,1,Moderate
OP3670,Equipment Setup,Day,Experienced,85,34,146,5,3,Low
OP3671,Equipment Setup,Day,New,75,2,144,3,3,Moderate
OP3672,Formation,Day,Experienced,86,28,147,1,0,Low
OP3673,Equipment Setup,Night,Intermediate,85,9,125,6,4,High
OP3674,Formation,Night,Intermediate,90,23,99,3,3,Moderate
OP3675,Formation,Night,Intermediate,73,21,108,4,2,Moderate
OP3676,Packaging,Day,Experienced,97,26,138,0,0,Low
OP3677,Quality Inspection,Day,Intermediate,83,18,85,2,0,Low
OP3678,Quality Inspection,Day,Intermediate,61,9,143,4,2,Moderate
OP3679,Cell Loading,Day,New,64,1,133,4,1,High
OP3680,Cell Loading,Day,New,84,8,100,3,0,Moderate
OP3681,Cell Loading,Day,Experienced,90,36,126,0,1,Low
OP3682,Packaging,Day,New,64,5,107,3,1,High
OP3683,Formation,Day,Experienced,74,42,122,2,1,Low
OP3684,Packaging,Day,Experienced,87,58,94,1,1,Low
OP3685,Equipment Setup,Night,Intermediate,95,23,133,5,1,Moderate
OP3686,Packaging,Night,New,61,6,125,5,5,High
OP3687,Cell Loading,Day,Experienced,84,60,134,4,2,Low
OP3688,Packaging,Night,Experienced,77,60,87,3,2,Low
OP3689,Formation,Day,New,73,3,136,4,2,Moderate
OP3690,Equipment Setup,Day,Intermediate,77,14,94,1,0,Low
OP3691,Quality Inspection,Day,Experienced,82,47,114,1,0,Low
OP3692,Packaging,Day,Intermediate,69,18,141,2,0,Low
OP3693,Quality Inspection,Night,Intermediate,71,10,113,3,2,Moderate
OP3694,Equipment Setup,Day,Intermediate,73,20,119,3,5,Moderate
OP3695,Formation,Night,New,72,6,107,6,4,High
OP3696,Quality Inspection,Day,Intermediate,87,12,124,0,0,Low
OP3697,Equipment Setup,Night,New,80,1,81,3,1,Moderate
OP3698,Packaging,Day,Intermediate,76,20,125,0,0,Low
OP3699,Quality Inspection,Day,Experienced,80,54,146,3,2,Low
OP3700,Packaging,Day,Experienced,88,35,84,1,2,Low
OP3701,Packaging,Night,Intermediate,78,12,95,1,0,Low
OP3702,Formation,Day,Intermediate,76,21,138,3,2,Moderate
OP3703,Equipment Setup,Night,New,51,3,86,5,4,High
OP3704,Packaging,Night,Intermediate,79,10,139,0,0,Low
OP3705,Packaging,Night,Intermediate,79,22,138,3,2,Low
OP3706,Formation,Night,Intermediate,85,11,133,1,2,Low
OP3707,Packaging,Night,Experienced,89,36,103,3,3,Moderate
OP3708,Equipment Setup,Night,Experienced,72,44,88,3,2,Moderate
OP3709,Packaging,Night,Intermediate,87,21,122,3,1,Low
OP3710,Formation,Day,New,71,0,108,4,5,High
OP3711,Cell Loading,Night,New,50,4,116,3,0,Moderate
OP3712,Cell Loading,Night,Experienced,88,37,116,4,1,Low
OP3713,Cell Loading,Night,New,53,1,128,1,2,Moderate
OP3714,Equipment Setup,Day,Experienced,96,41,121,2,3,Moderate
OP3715,Formation,Day,Experienced,96,26,106,0,0,Low
OP3716,Cell Loading,Day,New,78,8,96,5,3,Moderate
OP3717,Cell Loading,Day,Intermediate,72,19,84,2,2,Low
OP3718,Equipment Setup,Day,Experienced,86,30,92,0,0,Low
OP3719,Cell Loading,Night,New,58,5,104,4,0,High
OP3720,Packaging,Night,New,70,7,117,2,3,High
OP3721,Quality Inspection,Night,Experienced,93,35,122,1,1,Low
OP3722,Equipment Setup,Night,Intermediate,95,11,135,4,2,Moderate
OP3723,Equipment Setup,Day,Experienced,93,31,117,0,0,Low
OP3724,Formation,Day,New,71,4,121,5,2,High
OP3725,Quality Inspection,Day,Intermediate,75,15,131,0,1,Low
OP3726,Packaging,Day,New,66,6,131,4,2,Moderate
OP3727,Packaging,Night,New,63,6,90,5,3,High
OP3728,Cell Loading,Night,Intermediate,58,26,137,1,3,Moderate
OP3729,Packaging,Day,New,68,4,92,4,4,High
OP3730,Formation,Day,Intermediate,77,14,118,6,3,Low
OP3731,Formation,Day,Experienced,75,55,131,5,1,Moderate
OP3732,Quality Inspection,Day,Intermediate,74,17,102,0,1,Low
OP3733,Packaging,Day,Intermediate,76,11,127,0,0,Low
OP3734,Packaging,Day,Intermediate,67,22,150,4,3,Moderate
OP3735,Quality Inspection,Night,New,63,4,142,4,3,Moderate
OP3736,Cell Loading,Night,Experienced,88,31,123,2,1,Low
OP3737,Packaging,Day,New,89,9,110,1,1,Low
OP3738,Formation,Night,New,72,1,103,4,0,High
OP3739,Quality Inspection,Night,Experienced,90,29,125,3,2,Low
OP3740,Packaging,Day,New,76,6,82,5,3,Moderate
OP3741,Packaging,Day,New,63,5,128,3,2,Moderate
OP3742,Formation,Night,Intermediate,90,14,107,7,4,High
OP3743,Equipment Setup,Night,Experienced,75,38,138,3,3,Moderate
OP3744,Formation,Night,Intermediate,85,22,89,6,4,High
OP3745,Equipment Setup,Day,New,78,7,98,4,2,Moderate
OP3746,Formation,Night,New,72,6,99,4,4,High
OP3747,Packaging,Night,Experienced,76,37,135,0,0,Low
OP3748,Quality Inspection,Day,New,64,1,150,5,4,Low
OP3749,Quality Inspection,Night,New,72,6,149,2,2,Moderate
OP3750,Formation,Day,Intermediate,82,19,133,3,2,Moderate
OP3751,Equipment Setup,Night,Experienced,86,29,128,7,6,High
OP3752,Quality Inspection,Day,Experienced,86,57,81,0,1,Low
OP3753,Quality Inspection,Day,New,79,0,97,6,2,High
OP3754,Formation,Day,Intermediate,79,13,105,3,1,Moderate
OP3755,Cell Loading,Day,Intermediate,66,20,143,3,1,Low
OP3756,Quality Inspection,Night,Intermediate,76,23,150,3,3,Moderate
OP3757,Quality Inspection,Night,New,66,4,114,5,5,High
OP3758,Equipment Setup,Night,Experienced,88,32,145,4,3,High
OP3759,Cell Loading,Day,Intermediate,68,18,89,2,0,Low
OP3760,Formation,Night,Experienced,94,42,110,3,2,Moderate
OP3761,Cell Loading,Day,New,75,8,94,4,1,Low
OP3762,Cell Loading,Night,Experienced,73,58,134,2,1,Low
OP3763,Packaging,Night,Experienced,90,43,102,0,1,Low
OP3764,Equipment Setup,Day,Intermediate,86,11,89,5,5,High
OP3765,Quality Inspection,Night,Experienced,90,42,87,2,0,Low
OP3766,Packaging,Night,Experienced,96,31,86,2,0,Low
OP3767,Packaging,Day,Experienced,86,50,114,4,2,Low
OP3768,Formation,Night,Intermediate,68,21,103,4,3,Moderate
OP3769,Quality Inspection,Night,Experienced,67,59,109,1,2,High
OP3770,Packaging,Night,New,82,0,101,4,3,High
OP3771,Equipment Setup,Day,Intermediate,80,11,115,3,1,Low
OP3772,Packaging,Night,New,64,0,108,3,1,High
OP3773,Packaging,Day,Experienced,93,37,129,2,0,Low
OP3774,Quality Inspection,Night,Experienced,79,44,83,1,0,Low
OP3775,Equipment Setup,Day,Intermediate,74,21,115,3,3,Low
OP3776,Quality Inspection,Day,New,73,3,131,4,1,Moderate
OP3777,Packaging,Night,Experienced,89,55,83,2,2,Low
OP3778,Cell Loading,Night,New,68,8,145,2,1,Low
OP3779,Packaging,Night,New,87,5,133,1,3,Moderate
OP3780,Packaging,Night,Intermediate,74,23,90,0,2,High
OP3781,Formation,Night,Experienced,74,37,103,4,0,Low
OP3782,Quality Inspection,Day,Intermediate,75,16,145,0,0,Low
OP3783,Equipment Setup,Night,Experienced,86,58,106,3,3,Moderate
OP3784,Cell Loading,Day,Experienced,81,32,108,2,0,Moderate
OP3785,Formation,Day,New,69,6,82,5,4,Moderate
OP3786,Packaging,Night,Intermediate,85,10,87,3,3,Moderate
OP3787,Packaging,Night,New,60,1,104,4,1,High
OP3788,Equipment Setup,Night,New,58,3,88,3,2,High
OP3789,Equipment Setup,Night,Experienced,78,36,149,2,1,Low
OP3790,Cell Loading,Night,Intermediate,65,14,148,3,0,Low
OP3791,Packaging,Night,Experienced,78,59,148,0,0,Low
OP3792,Formation,Day,Experienced,86,32,136,4,3,Moderate
OP3793,Formation,Day,New,83,8,102,1,0,Low
OP3794,Packaging,Night,Intermediate,78,15,132,2,1,Moderate
OP3795,Formation,Day,Intermediate,74,18,111,4,1,Low
OP3796,Equipment Setup,Night,Intermediate,49,21,104,5,4,Low
OP3797,Equipment Setup,Night,Intermediate,92,22,91,3,2,Low
OP3798,Quality Inspection,Day,New,85,0,123,3,2,Moderate
OP3799,Packaging,Day,Intermediate,100,21,137,3,1,Low
OP3800,Cell Loading,Day,Intermediate,57,14,82,2,0,Low
OP3801,Quality Inspection,Night,Experienced,82,26,99,3,2,Moderate
OP3802,Quality Inspection,Night,Experienced,100,51,129,0,0,Low
OP3803,Packaging,Night,New,79,8,136,1,3,Moderate
OP3804,Quality Inspection,Night,Intermediate,80,18,110,3,1,Low
OP3805,Equipment Setup,Night,New,60,5,121,7,5,High
OP3806,Packaging,Night,Intermediate,79,24,105,6,3,Moderate
OP3807,Formation,Day,New,63,8,102,1,1,Moderate
OP3808,Equipment Setup,Night,Intermediate,78,18,83,3,3,Moderate
OP3809,Quality Inspection,Day,New,71,1,91,1,0,Moderate
OP3810,Packaging,Day,Experienced,95,39,141,3,0,Low
OP3811,Equipment Setup,Night,Intermediate,86,12,93,0,1,Low
OP3812,Formation,Night,Intermediate,74,14,129,4,2,Moderate
OP3813,Equipment Setup,Night,Experienced,85,60,94,2,2,Moderate
OP3814,Formation,Day,New,65,1,115,4,4,High
OP3815,Packaging,Night,Experienced,83,45,111,1,2,Low
OP3816,Cell Loading,Day,Intermediate,93,16,113,1,1,Low
OP3817,Equipment Setup,Night,Intermediate,62,24,145,4,3,High
OP3818,Cell Loading,Night,Experienced,91,50,83,4,0,Low
OP3819,Equipment Setup,Day,Experienced,90,51,122,0,0,Low
OP3820,Packaging,Night,Experienced,80,40,85,0,1,Low
OP3821,Equipment Setup,Day,Intermediate,83,11,89,3,2,Low
OP3822,Equipment Setup,Night,New,57,4,109,4,4,High
OP3823,Quality Inspection,Night,Intermediate,80,10,83,1,1,Low
OP3824,Quality Inspection,Night,Experienced,88,44,106,2,2,Low
OP3825,Packaging,Night,New,64,6,150,3,3,High
OP3826,Equipment Setup,Night,Intermediate,79,13,90,2,2,Low
OP3827,Equipment Setup,Day,Experienced,99,35,114,6,6,Moderate
OP3828,Formation,Night,Intermediate,81,14,123,6,4,Moderate
OP3829,Quality Inspection,Day,New,60,1,147,4,2,High
OP3830,Packaging,Night,Experienced,87,42,92,4,3,Moderate
OP3831,Equipment Setup,Night,Intermediate,81,24,124,5,4,Moderate
OP3832,Formation,Day,New,66,7,150,3,1,High
OP3833,Packaging,Night,New,55,5,131,2,0,Moderate
OP3834,Cell Loading,Day,Intermediate,73,9,145,0,0,Moderate
OP3835,Cell Loading,Day,Experienced,87,47,110,0,0,Moderate
OP3836,Formation,Night,New,67,0,113,4,4,High
OP3837,Formation,Day,Experienced,87,37,87,2,0,Low
OP3838,Formation,Day,Intermediate,86,15,124,3,0,Low
OP3839,Quality Inspection,Day,New,87,7,124,5,6,High
OP3840,Packaging,Night,Intermediate,57,18,112,4,3,Moderate
OP3841,Equipment Setup,Night,New,73,0,107,5,0,Moderate
OP3842,Formation,Night,New,73,2,149,7,5,High
OP3843,Cell Loading,Day,Experienced,89,38,123,2,2,Low
OP3844,Quality Inspection,Day,New,72,1,95,1,0,Moderate
OP3845,Equipment Setup,Day,Experienced,76,38,116,4,3,Low
OP3846,Formation,Night,Experienced,64,47,141,4,2,Moderate
OP3847,Cell Loading,Day,Intermediate,58,16,142,6,3,High
OP3848,Formation,Day,Experienced,94,59,118,2,0,Low
OP3849,Cell Loading,Night,Experienced,100,45,111,3,4,Moderate
OP3850,Formation,Night,Intermediate,80,24,84,3,2,Low
OP3851,Quality Inspection,Night,Intermediate,81,9,129,7,4,High
OP3852,Equipment Setup,Day,Intermediate,75,13,120,0,0,Low
OP3853,Formation,Night,Intermediate,90,15,97,0,0,Low
OP3854,Quality Inspection,Night,Experienced,98,59,128,0,0,Moderate
OP3855,Equipment Setup,Day,Intermediate,80,19,124,1,1,Low
OP3856,Cell Loading,Night,Experienced,76,31,109,2,0,Low
OP3857,Equipment Setup,Day,Intermediate,84,14,136,2,1,Low
OP3858,Cell Loading,Day,Experienced,75,30,142,3,2,Low
OP3859,Cell Loading,Day,Experienced,79,56,120,0,1,Low
OP3860,Equipment Setup,Day,New,68,0,110,3,2,Moderate
OP3861,Packaging,Day,Intermediate,71,9,100,4,3,Moderate
OP3862,Quality Inspection,Day,Intermediate,74,16,121,0,0,Low
OP3863,Packaging,Night,Intermediate,72,12,106,6,2,High
OP3864,Equipment Setup,Day,Intermediate,82,23,81,1,1,Low
OP3865,Cell Loading,Night,Intermediate,59,12,128,3,2,Moderate
OP3866,Equipment Setup,Day,Experienced,93,54,144,0,0,Low
OP3867,Packaging,Night,Intermediate,88,23,142,1,1,Moderate
OP3868,Formation,Night,Intermediate,69,15,108,2,1,Moderate
OP3869,Cell Loading,Night,Intermediate,68,21,127,3,3,Moderate
OP3870,Cell Loading,Day,New,61,4,101,4,0,Moderate
OP3871,Cell Loading,Night,Intermediate,75,24,148,4,4,Moderate
OP3872,Equipment Setup,Day,Intermediate,71,15,116,2,1,Moderate
OP3873,Quality Inspection,Night,Experienced,92,58,142,4,4,Moderate
OP3874,Equipment Setup,Night,New,81,3,133,4,2,Moderate
OP3875,Quality Inspection,Day,Intermediate,77,21,111,3,2,Low
OP3876,Equipment Setup,Day,Intermediate,91,12,100,3,4,Moderate
OP3877,Equipment Setup,Day,New,81,1,130,4,3,Moderate
OP3878,Quality Inspection,Day,Intermediate,92,24,132,3,1,Low
OP3879,Cell Loading,Day,Experienced,100,46,118,2,1,Low
OP3880,Cell Loading,Day,Intermediate,81,18,117,3,0,Moderate
OP3881,Formation,Day,Experienced,91,30,82,3,0,Low
OP3882,Quality Inspection,Day,Experienced,77,38,115,3,2,Moderate
OP3883,Equipment Setup,Day,Experienced,96,45,113,3,3,Moderate
OP3884,Quality Inspection,Day,Intermediate,73,17,106,3,1,Low
OP3885,Equipment Setup,Day,Experienced,100,52,110,4,2,Moderate
OP3886,Cell Loading,Day,Intermediate,83,12,99,1,1,Low
OP3887,Equipment Setup,Day,New,53,8,94,8,5,High
OP3888,Cell Loading,Day,New,48,0,94,2,4,High
OP3889,Packaging,Night,New,56,7,135,6,3,High
OP3890,Cell Loading,Day,New,71,5,106,4,1,Moderate
OP3891,Equipment Setup,Night,Experienced,78,44,83,2,2,Low
OP3892,Equipment Setup,Day,Intermediate,76,14,129,2,2,Low
OP3893,Cell Loading,Night,New,55,8,109,6,4,High
OP3894,Quality Inspection,Day,Intermediate,84,15,112,1,0,Low
OP3895,Quality Inspection,Night,Intermediate,64,9,134,3,2,Moderate
OP3896,Formation,Night,Experienced,98,36,96,4,3,Low
OP3897,Packaging,Night,New,76,5,137,0,0,Low
OP3898,Packaging,Night,New,76,6,134,3,3,High
OP3899,Quality Inspection,Night,Experienced,89,41,116,0,0,Low
OP3900,Cell Loading,Day,Intermediate,83,22,86,0,1,Low
OP3901,Formation,Day,New,74,0,94,6,3,High
OP3902,Packaging,Night,Intermediate,74,13,81,0,0,Low
OP3903,Cell Loading,Day,Intermediate,83,13,145,3,1,Low
OP3904,Cell Loading,Day,Intermediate,67,10,150,1,0,Moderate
OP3905,Equipment Setup,Day,Intermediate,75,22,128,5,4,Moderate
OP3906,Formation,Night,New,64,5,133,8,6,High
OP3907,Equipment Setup,Night,Experienced,88,43,94,2,2,Low
OP3908,Quality Inspection,Day,Intermediate,92,20,93,0,0,Low
OP3909,Cell Loading,Night,Experienced,94,33,134,2,1,Low
OP3910,Equipment Setup,Night,Experienced,84,45,143,2,1,Low
OP3911,Formation,Day,Intermediate,84,16,99,6,4,Moderate
OP3912,Formation,Night,Intermediate,100,22,108,3,2,Moderate
OP3913,Cell Loading,Day,New,61,8,112,1,0,Moderate
OP3914,Packaging,Day,Intermediate,69,16,95,3,3,Moderate
OP3915,Formation,Day,Experienced,92,59,132,2,2,Low
OP3916,Packaging,Night,New,73,8,144,5,3,High
OP3917,Equipment Setup,Day,Intermediate,63,16,107,4,4,High
OP3918,Packaging,Night,New,67,0,121,3,0,Moderate
OP3919,Cell Loading,Day,New,66,7,129,2,3,Moderate
OP3920,Packaging,Day,Experienced,90,52,137,1,0,Low
OP3921,Formation,Day,Experienced,88,45,128,1,2,Low
OP3922,Cell Loading,Day,New,83,5,122,1,0,Low
OP3923,Equipment Setup,Day,Experienced,83,51,140,1,0,Low
OP3924,Cell Loading,Day,New,53,6,147,4,2,High
OP3925,Cell Loading,Night,Intermediate,73,12,101,3,0,High
OP3926,Packaging,Night,New,78,6,97,4,2,High
OP3927,Quality Inspection,Day,New,67,4,136,0,0,Low
OP3928,Equipment Setup,Day,Experienced,85,29,82,2,2,Low
OP3929,Quality Inspection,Day,Experienced,96,48,150,3,1,Moderate
OP3930,Formation,Night,Experienced,80,49,112,4,4,High
OP3931,Packaging,Night,Intermediate,79,25,115,2,2,Low
OP3932,Equipment Setup,Night,Experienced,82,28,95,4,2,Moderate
OP3933,Equipment Setup,Day,Intermediate,100,25,102,4,2,Moderate
OP3934,Quality Inspection,Day,New,67,4,80,0,3,Moderate
OP3935,Cell Loading,Day,Experienced,89,33,121,4,0,Low
OP3936,Packaging,Day,Experienced,73,31,127,0,0,Low
OP3937,Equipment Setup,Day,Intermediate,84,22,138,2,3,Moderate
OP3938,Cell Loading,Night,Intermediate,100,13,133,0,1,Low
OP3939,Quality Inspection,Day,Experienced,91,38,92,0,1,Low
OP3940,Cell Loading,Day,Experienced,87,46,91,5,5,Moderate
OP3941,Formation,Day,Experienced,89,37,89,1,0,Low
OP3942,Quality Inspection,Night,Experienced,70,49,93,4,2,Moderate
OP3943,Packaging,Night,Experienced,93,32,102,2,2,Moderate
OP3944,Quality Inspection,Day,Intermediate,100,21,104,2,2,Low
OP3945,Equipment Setup,Night,Experienced,92,35,100,0,1,Moderate
OP3946,Formation,Night,Experienced,91,52,94,4,5,High
OP3947,Cell Loading,Day,New,91,0,113,2,1,Moderate
OP3948,Quality Inspection,Night,Intermediate,82,21,125,3,1,Low
OP3949,Equipment Setup,Day,Experienced,96,36,107,3,3,Moderate
OP3950,Quality Inspection,Night,Intermediate,76,24,101,5,4,Moderate
OP3951,Cell Loading,Night,Intermediate,84,16,89,0,1,Low
OP3952,Equipment Setup,Day,New,58,3,117,6,4,High
OP3953,Packaging,Night,Experienced,85,50,122,3,2,Low
OP3954,Formation,Night,New,73,0,114,6,2,High
OP3955,Quality Inspection,Day,Experienced,80,33,126,1,0,Low
OP3956,Cell Loading,Night,New,51,0,107,6,1,High
OP3957,Cell Loading,Day,Intermediate,75,21,107,0,0,Low
OP3958,Equipment Setup,Day,Intermediate,68,11,121,0,1,Moderate
OP3959,Packaging,Night,New,73,0,113,1,1,Low
OP3960,Formation,Night,Experienced,100,50,109,2,3,Low
OP3961,Packaging,Night,Experienced,86,47,137,0,2,Low
OP3962,Packaging,Night,Intermediate,96,19,89,3,4,Moderate
OP3963,Equipment Setup,Night,Intermediate,97,15,111,6,5,High
OP3964,Cell Loading,Day,Experienced,100,35,143,0,1,Moderate
OP3965,Quality Inspection,Day,Experienced,83,35,117,6,5,Moderate
OP3966,Cell Loading,Night,Experienced,71,43,124,5,3,Moderate
OP3967,Packaging,Day,New,79,2,135,2,0,Low
OP3968,Quality Inspection,Night,Intermediate,78,15,89,2,1,Moderate
OP3969,Quality Inspection,Day,New,74,5,130,4,0,Moderate
OP3970,Packaging,Night,Intermediate,66,13,125,4,4,Low
OP3971,Equipment Setup,Night,Experienced,67,37,132,5,2,High
OP3972,Cell Loading,Night,Intermediate,83,18,134,5,2,High
OP3973,Cell Loading,Night,New,71,2,85,5,2,High
OP3974,Packaging,Day,Experienced,90,53,136,1,0,Moderate
OP3975,Packaging,Day,Experienced,91,26,117,0,0,Low
OP3976,Formation,Night,New,61,8,124,6,6,High
OP3977,Equipment Setup,Day,New,77,1,84,3,1,Moderate
OP3978,Quality Inspection,Day,New,61,4,93,3,1,Moderate
OP3979,Equipment Setup,Night,New,68,6,123,4,5,High
OP3980,Packaging,Night,New,52,7,94,4,1,High
OP3981,Packaging,Day,Intermediate,72,24,150,3,2,Low
OP3982,Formation,Day,Experienced,88,26,146,0,1,Low
OP3983,Formation,Night,New,81,1,119,1,1,Moderate
OP3984,Equipment Setup,Night,Experienced,97,37,112,4,2,Moderate
OP3985,Quality Inspection,Day,Intermediate,86,9,146,1,0,Low
OP3986,Packaging,Day,Experienced,100,54,93,3,3,Low
OP3987,Quality Inspection,Day,Experienced,80,25,99,4,3,Moderate
OP3988,Formation,Night,Experienced,100,40,109,1,3,Moderate
OP3989,Formation,Day,Experienced,92,45,97,1,0,Low
OP3990,Cell Loading,Night,Intermediate,92,17,117,5,3,Moderate
OP3991,Packaging,Day,Intermediate,96,24,82,2,0,Low
OP3992,Equipment Setup,Day,New,48,0,133,4,3,High
OP3993,Quality Inspection,Night,Experienced,100,35,96,1,1,Low
OP3994,Cell Loading,Day,Experienced,100,34,113,2,3,Moderate
OP3995,Formation,Day,Intermediate,66,11,114,0,0,Low
OP3996,Cell Loading,Night,Intermediate,87,21,145,2,2,Low
OP3997,Formation,Day,Experienced,79,53,102,4,3,Moderate
OP3998,Quality Inspection,Day,Experienced,88,41,143,0,0,Low
OP3999,Packaging,Night,New,52,3,147,5,7,Moderate
OP4000,Formation,Night,Experienced,74,60,128,3,1,Moderate
OP4001,Quality Inspection,Night,Experienced,90,45,144,3,4,Moderate
OP4002,Equipment Setup,Night,Experienced,85,28,138,1,2,Moderate
OP4003,Equipment Setup,Day,New,64,0,149,7,5,High
OP4004,Quality Inspection,Night,Intermediate,84,23,82,3,0,Low
OP4005,Quality Inspection,Night,Intermediate,76,18,138,2,0,Low
OP4006,Formation,Night,Experienced,71,50,145,2,2,Moderate
OP4007,Equipment Setup,Day,New,75,0,118,6,5,High
OP4008,Formation,Day,Experienced,95,37,81,0,0,Low
OP4009,Cell Loading,Night,Experienced,83,31,114,0,0,Low
OP4010,Equipment Setup,Night,Experienced,80,54,141,2,1,Low
OP4011,Equipment Setup,Night,New,64,1,138,2,1,High
OP4012,Equipment Setup,Day,Experienced,74,41,128,3,4,Moderate
OP4013,Packaging,Night,Experienced,85,29,113,1,0,Low
OP4014,Formation,Day,Intermediate,95,13,82,6,2,Moderate
OP4015,Cell Loading,Night,Experienced,75,48,142,3,0,Low
OP4016,Packaging,Day,Intermediate,76,21,133,0,0,Low
OP4017,Quality Inspection,Night,Intermediate,74,17,130,4,2,Moderate
OP4018,Quality Inspection,Day,Intermediate,92,22,134,1,1,Low
OP4019,Cell Loading,Day,Experienced,87,55,110,2,0,Low
OP4020,Formation,Day,New,69,7,146,3,3,High
OP4021,Packaging,Day,Intermediate,100,24,103,0,2,Low
OP4022,Quality Inspection,Night,Experienced,98,48,116,0,1,Low
OP4023,Equipment Setup,Day,Intermediate,76,23,89,3,2,Low
OP4024,Packaging,Day,Experienced,80,49,148,2,2,Low
OP4025,Cell Loading,Night,Experienced,74,38,83,1,0,Low
OP4026,Quality Inspection,Day,Intermediate,82,12,129,2,0,Low
OP4027,Equipment Setup,Day,New,78,6,116,3,3,Moderate
OP4028,Formation,Day,Experienced,84,47,111,3,1,Low
OP4029,Formation,Day,Intermediate,67,21,139,2,1,Low
OP4030,Equipment Setup,Day,Experienced,90,55,148,4,3,Moderate
OP4031,Formation,Night,Intermediate,79,12,80,0,0,Low
OP4032,Packaging,Day,Experienced,75,43,124,1,3,Low
OP4033,Formation,Day,New,77,7,140,5,5,Moderate
OP4034,Formation,Day,Experienced,94,46,100,0,1,Low
OP4035,Packaging,Night,Experienced,96,25,96,0,2,Low
OP4036,Quality Inspection,Day,Intermediate,84,23,80,3,2,Moderate
OP4037,Packaging,Day,Experienced,83,27,94,0,0,Low
OP4038,Packaging,Night,Intermediate,78,14,121,3,2,Moderate
OP4039,Packaging,Day,Experienced,87,59,97,3,3,Moderate
OP4040,Packaging,Night,New,66,3,84,4,1,Moderate
OP4041,Packaging,Day,Intermediate,97,15,88,2,1,Low
OP4042,Formation,Night,Intermediate,87,21,148,3,1,Low
OP4043,Packaging,Day,Experienced,100,55,134,1,0,Low
OP4044,Equipment Setup,Night,Intermediate,81,18,137,3,3,Moderate
OP4045,Quality Inspection,Night,New,60,0,150,4,0,High
OP4046,Cell Loading,Day,Experienced,72,48,121,2,2,Moderate
OP4047,Packaging,Night,New,54,6,87,4,2,High
OP4048,Packaging,Night,New,72,1,85,1,0,Low
OP4049,Cell Loading,Day,New,70,5,146,4,4,High
OP4050,Packaging,Night,Intermediate,85,14,130,0,0,Low
OP4051,Formation,Day,Intermediate,76,9,85,7,5,Moderate
OP4052,Formation,Night,Experienced,96,44,98,1,0,Low
OP4053,Cell Loading,Night,Experienced,82,35,94,2,2,Low
OP4054,Quality Inspection,Day,Experienced,99,54,128,0,1,Low
OP4055,Equipment Setup,Day,New,57,0,94,2,2,High
OP4056,Equipment Setup,Night,Intermediate,84,12,105,4,3,Moderate
OP4057,Packaging,Day,Intermediate,90,24,89,0,0,Low
OP4058,Quality Inspection,Night,Intermediate,82,22,104,0,0,Low
OP4059,Cell Loading,Night,Intermediate,62,10,107,5,2,Moderate
OP4060,Equipment Setup,Day,Intermediate,81,20,126,7,5,High
OP4061,Packaging,Night,New,59,4,92,4,4,High
OP4062,Equipment Setup,Night,New,68,7,96,5,3,High
OP4063,Formation,Night,Intermediate,79,24,147,3,3,Low
OP4064,Equipment Setup,Night,Experienced,100,36,114,2,2,Moderate
OP4065,Quality Inspection,Night,New,56,2,84,4,2,High
OP4066,Cell Loading,Night,Experienced,70,37,122,0,1,Moderate
OP4067,Formation,Day,Intermediate,73,15,96,1,1,Low
OP4068,Packaging,Day,Intermediate,85,13,96,4,0,Low
OP4069,Cell Loading,Night,New,67,2,132,4,4,Low
OP4070,Packaging,Night,Experienced,89,30,93,3,2,Low
OP4071,Packaging,Night,New,77,0,110,3,2,Moderate
OP4072,Quality Inspection,Night,Intermediate,76,21,124,2,0,Low
OP4073,Packaging,Night,Experienced,90,43,123,4,2,Low
OP4074,Packaging,Night,New,81,2,125,4,1,Moderate
OP4075,Equipment Setup,Night,New,89,4,120,2,2,Moderate
OP4076,Cell Loading,Night,Experienced,99,38,123,2,2,Moderate
OP4077,Packaging,Night,Experienced,92,52,120,3,1,Low
OP4078,Quality Inspection,Day,Intermediate,76,24,142,2,5,Low
OP4079,Packaging,Night,Experienced,70,33,148,1,1,Low
OP4080,Packaging,Night,Intermediate,82,12,146,2,1,Low
OP4081,Formation,Night,Intermediate,91,9,138,6,3,High
OP4082,Packaging,Night,New,63,4,88,5,2,High
OP4083,Equipment Setup,Day,Intermediate,87,16,150,4,1,Low
OP4084,Formation,Day,Experienced,77,40,140,2,3,Moderate
OP4085,Cell Loading,Day,Experienced,88,40,118,0,0,Low
OP4086,Cell Loading,Day,Intermediate,82,11,130,1,1,Low
OP4087,Quality Inspection,Night,Experienced,66,29,124,4,3,Moderate
OP4088,Cell Loading,Day,New,80,4,143,3,2,Moderate
OP4089,Formation,Night,Intermediate,79,9,94,1,0,Low
OP4090,Equipment Setup,Day,New,84,4,116,2,3,Moderate
OP4091,Formation,Night,Experienced,78,41,122,2,1,Low
OP4092,Formation,Day,New,70,0,122,4,0,Moderate
OP4093,Packaging,Night,Experienced,100,47,131,0,1,Low
OP4094,Equipment Setup,Day,New,66,3,142,7,3,High
OP4095,Quality Inspection,Night,Experienced,82,36,113,0,0,Low
OP4096,Equipment Setup,Day,New,69,5,83,3,3,High
OP4097,Quality Inspection,Day,New,71,8,141,4,2,Moderate
OP4098,Cell Loading,Day,New,62,1,85,2,0,Moderate
OP4099,Packaging,Day,Experienced,80,28,106,0,0,Low
OP4100,Cell Loading,Day,Intermediate,98,22,115,4,3,Moderate
OP4101,Equipment Setup,Night,Experienced,96,55,108,2,0,Low
OP4102,Equipment Setup,Night,Intermediate,80,15,99,2,3,Moderate
OP4103,Quality Inspection,Day,Intermediate,83,22,145,3,0,Low
OP4104,Packaging,Night,Intermediate,81,20,113,1,2,Low
OP4105,Quality Inspection,Night,Intermediate,68,14,82,0,1,Low
OP4106,Quality Inspection,Day,Experienced,93,38,122,0,0,Low
OP4107,Cell Loading,Day,Intermediate,92,18,137,0,1,Low
OP4108,Equipment Setup,Day,New,64,4,129,7,4,High
OP4109,Packaging,Day,Experienced,82,31,140,4,2,Low
OP4110,Cell Loading,Day,Experienced,77,30,137,0,1,Low
OP4111,Equipment Setup,Night,Experienced,91,53,92,2,2,Low
OP4112,Equipment Setup,Night,Experienced,61,30,123,1,0,Low
OP4113,Formation,Night,Experienced,66,29,118,2,0,Low
OP4114,Quality Inspection,Night,New,84,1,117,2,3,Moderate
OP4115,Packaging,Day,Experienced,95,26,137,1,0,Moderate
OP4116,Equipment Setup,Day,Intermediate,82,10,99,6,3,High
OP4117,Quality Inspection,Day,Intermediate,78,16,81,0,0,Low
OP4118,Equipment Setup,Night,Experienced,98,53,129,5,3,Moderate
OP4119,Packaging,Night,Experienced,80,57,148,1,0,Low
OP4120,Cell Loading,Day,New,69,4,106,4,4,High
OP4121,Cell Loading,Night,New,68,4,111,7,2,High
OP4122,Formation,Night,New,69,8,85,3,3,High
OP4123,Packaging,Night,Intermediate,93,17,131,2,1,Low
OP4124,Quality Inspection,Night,Intermediate,78,19,123,4,2,Moderate
OP4125,Formation,Day,New,47,0,130,7,4,High
OP4126,Cell Loading,Day,Experienced,77,59,107,2,0,Low
OP4127,Equipment Setup,Day,Intermediate,78,21,132,2,2,Low
OP4128,Cell Loading,Night,New,79,8,97,6,4,High
OP4129,Cell Loading,Day,New,80,7,103,4,2,Moderate
OP4130,Formation,Day,New,60,3,107,5,2,High
OP4131,Formation,Day,New,66,2,99,4,1,High
OP4132,Packaging,Day,Experienced,88,48,90,0,1,Low
OP4133,Cell Loading,Day,Experienced,84,51,149,4,0,Low
OP4134,Cell Loading,Day,Intermediate,86,16,105,0,0,Low
OP4135,Packaging,Night,Experienced,95,29,91,4,1,Moderate
OP4136,Equipment Setup,Night,Experienced,87,34,88,7,3,High
OP4137,Packaging,Day,Experienced,100,30,146,0,0,Low
OP4138,Quality Inspection,Night,Experienced,100,53,119,4,5,Moderate
OP4139,Packaging,Night,New,78,3,91,4,1,Moderate
OP4140,Equipment Setup,Day,Intermediate,80,15,88,2,2,Moderate
OP4141,Equipment Setup,Night,Experienced,91,36,83,1,0,Low
OP4142,Quality Inspection,Day,New,74,6,116,4,4,Moderate
OP4143,Quality Inspection,Night,New,60,7,133,7,5,High
OP4144,Equipment Setup,Day,New,60,1,83,4,4,High
OP4145,Cell Loading,Day,New,59,5,121,5,1,Low
OP4146,Equipment Setup,Night,Experienced,80,48,144,4,1,Low
OP4147,Formation,Night,Experienced,89,25,141,3,2,Low
OP4148,Cell Loading,Night,New,71,2,109,3,2,Low
OP4149,Formation,Day,New,71,5,149,5,4,High
OP4150,Formation,Night,Intermediate,78,10,130,5,3,High
OP4151,Packaging,Night,New,79,4,99,5,1,Moderate
OP4152,Packaging,Day,New,72,3,85,1,2,Low
OP4153,Formation,Day,Intermediate,98,20,96,1,0,Low
OP4154,Equipment Setup,Night,Experienced,74,41,88,3,3,Moderate
OP4155,Equipment Setup,Night,Experienced,86,47,100,3,2,Low
OP4156,Quality Inspection,Day,Intermediate,93,20,115,0,1,Low
OP4157,Equipment Setup,Day,Intermediate,95,12,85,3,0,Low
OP4158,Quality Inspection,Day,Experienced,91,51,108,2,2,Low
OP4159,Equipment Setup,Night,New,73,1,139,5,2,High
OP4160,Equipment Setup,Night,New,67,2,86,5,2,High
OP4161,Packaging,Day,Intermediate,89,15,114,4,2,Low
OP4162,Equipment Setup,Night,Experienced,94,39,100,3,2,Moderate
OP4163,Cell Loading,Night,New,55,3,139,2,0,Moderate
OP4164,Cell Loading,Day,New,63,5,139,1,0,Moderate
OP4165,Cell Loading,Day,Intermediate,71,17,145,4,1,Low
OP4166,Cell Loading,Day,Experienced,100,25,86,2,2,Low
OP4167,Formation,Day,New,64,5,148,5,3,High
OP4168,Packaging,Day,Experienced,90,46,141,0,0,Low
OP4169,Cell Loading,Day,Intermediate,100,12,90,1,0,Low
OP4170,Cell Loading,Night,New,64,6,135,7,5,High
OP4171,Equipment Setup,Night,New,76,3,96,3,2,High
OP4172,Packaging,Day,New,65,5,126,4,3,High
OP4173,Formation,Day,Intermediate,72,20,121,3,0,Low
OP4174,Cell Loading,Night,Experienced,77,42,115,2,3,Moderate
OP4175,Formation,Day,Experienced,93,34,89,1,0,Low
OP4176,Cell Loading,Night,New,75,5,95,6,6,High
OP4177,Quality Inspection,Day,Experienced,96,28,98,1,0,Low
OP4178,Cell Loading,Night,Experienced,98,41,103,2,0,Low
OP4179,Packaging,Night,Intermediate,88,13,109,0,0,Low
OP4180,Cell Loading,Night,New,84,1,87,4,2,Low
OP4181,Equipment Setup,Night,New,74,3,143,4,3,High
OP4182,Cell Loading,Day,Intermediate,92,16,138,5,3,Low
OP4183,Equipment Setup,Day,Intermediate,80,21,105,2,3,Low
OP4184,Packaging,Night,New,73,6,147,3,3,Moderate
OP4185,Quality Inspection,Day,New,78,6,108,3,2,Moderate
OP4186,Packaging,Night,Experienced,75,44,115,1,3,Low
OP4187,Quality Inspection,Night,Intermediate,68,22,111,0,0,Low
OP4188,Equipment Setup,Day,New,72,3,89,2,1,Moderate
OP4189,Quality Inspection,Day,Experienced,98,29,93,1,0,Low
OP4190,Packaging,Day,Experienced,81,47,139,0,0,Low
OP4191,Formation,Day,Experienced,92,53,100,0,0,Low
OP4192,Quality Inspection,Day,Experienced,81,27,130,0,1,Low
OP4193,Quality Inspection,Night,Intermediate,75,22,96,1,1,Moderate
OP4194,Equipment Setup,Night,New,61,3,92,3,1,High
OP4195,Cell Loading,Day,Experienced,98,55,144,1,0,Low
OP4196,Formation,Night,Intermediate,72,10,83,2,2,Moderate
OP4197,Quality Inspection,Night,New,49,6,135,0,2,High
OP4198,Equipment Setup,Day,New,82,2,113,3,1,Moderate
OP4199,Equipment Setup,Day,Intermediate,76,17,117,4,3,High
OP4200,Quality Inspection,Day,Experienced,89,45,97,4,3,Low
OP4201,Cell Loading,Night,Intermediate,92,17,134,2,1,High
OP4202,Quality Inspection,Night,Intermediate,68,21,83,3,2,Moderate
OP4203,Cell Loading,Day,Intermediate,79,13,119,7,7,High
OP4204,Formation,Day,Experienced,80,26,83,6,5,High
OP4205,Quality Inspection,Night,Intermediate,76,14,120,0,1,Low
OP4206,Equipment Setup,Day,Intermediate,94,24,104,3,4,Moderate
OP4207,Quality Inspection,Day,Intermediate,98,14,117,0,0,Low
OP4208,Equipment Setup,Day,Intermediate,81,13,113,3,2,Moderate
OP4209,Quality Inspection,Night,Intermediate,70,10,139,0,0,Low
OP4210,Quality Inspection,Day,Intermediate,76,24,123,0,0,Low
OP4211,Equipment Setup,Night,Experienced,82,28,105,3,4,Moderate
OP4212,Cell Loading,Day,Experienced,89,51,119,0,0,Low
OP4213,Cell Loading,Day,Experienced,96,29,128,4,4,Moderate
OP4214,Equipment Setup,Day,Intermediate,93,14,116,3,1,Moderate
OP4215,Packaging,Day,Experienced,90,41,104,2,0,Low
OP4216,Cell Loading,Night,Experienced,93,50,106,3,3,Moderate
OP4217,Packaging,Day,Experienced,90,34,142,2,0,Low
OP4218,Formation,Day,Experienced,82,45,96,1,0,Low
OP4219,Formation,Day,New,69,8,145,3,1,Moderate
OP4220,Quality Inspection,Day,Experienced,85,46,136,0,1,Low
OP4221,Equipment Setup,Night,Intermediate,81,16,140,2,2,Low
OP4222,Packaging,Night,Experienced,100,31,124,1,1,Low
OP4223,Formation,Night,New,63,6,150,4,1,High
OP4224,Cell Loading,Day,Experienced,90,58,150,5,3,Moderate
OP4225,Quality Inspection,Night,Experienced,80,47,121,2,3,Low
OP4226,Formation,Night,Intermediate,71,18,116,4,4,Moderate
OP4227,Packaging,Day,Intermediate,59,13,126,2,1,Moderate
OP4228,Equipment Setup,Day,New,83,0,86,4,5,High
OP4229,Formation,Day,Experienced,100,39,139,1,1,Low
OP4230,Formation,Day,Experienced,86,53,127,3,1,Moderate
OP4231,Equipment Setup,Night,Experienced,92,26,102,4,4,High
OP4232,Packaging,Night,Experienced,93,44,118,1,1,Low
OP4233,Quality Inspection,Day,Experienced,94,56,142,2,4,Low
OP4234,Quality Inspection,Day,Intermediate,82,24,102,3,2,Low
OP4235,Formation,Day,New,89,7,106,6,1,Moderate
OP4236,Formation,Day,Experienced,94,41,135,1,0,Low
OP4237,Packaging,Night,Experienced,91,57,84,0,0,Low
OP4238,Equipment Setup,Day,Experienced,88,55,118,2,3,Low
OP4239,Cell Loading,Night,Experienced,100,39,148,2,1,Low
OP4240,Formation,Day,New,58,4,135,2,1,Low
OP4241,Quality Inspection,Day,Experienced,93,40,101,0,0,Low
OP4242,Formation,Night,Experienced,99,43,99,5,4,High
OP4243,Quality Inspection,Night,Experienced,97,35,92,3,5,Moderate
OP4244,Packaging,Day,New,65,6,135,2,1,Moderate
OP4245,Formation,Night,New,69,6,87,4,3,High
OP4246,Quality Inspection,Night,Experienced,77,25,107,1,0,Low
OP4247,Quality Inspection,Night,Intermediate,69,16,119,3,1,Low
OP4248,Cell Loading,Night,Experienced,90,31,100,6,3,Moderate
OP4249,Quality Inspection,Night,Experienced,86,43,119,2,1,Moderate
OP4250,Formation,Day,Intermediate,83,10,98,4,1,Low
OP4251,Equipment Setup,Day,New,91,2,124,6,3,High
OP4252,Quality Inspection,Night,New,52,2,83,5,1,High
OP4253,Quality Inspection,Day,New,82,6,99,2,0,Moderate
OP4254,Equipment Setup,Day,New,68,7,97,6,3,High
OP4255,Formation,Day,Intermediate,68,9,133,3,3,Moderate
OP4256,Formation,Night,Experienced,85,28,82,0,0,Moderate
OP4257,Formation,Night,Intermediate,69,17,123,6,3,High
OP4258,Cell Loading,Day,New,72,8,85,5,0,Moderate
OP4259,Equipment Setup,Day,Intermediate,90,21,92,4,1,Moderate
OP4260,Packaging,Day,Experienced,71,30,108,2,0,Low
OP4261,Packaging,Night,Intermediate,78,18,98,0,1,Low
OP4262,Quality Inspection,Day,New,50,5,132,5,2,High
OP4263,Packaging,Night,Intermediate,76,22,140,3,2,Low
OP4264,Quality Inspection,Day,New,72,4,143,2,0,Low
OP4265,Cell Loading,Day,New,72,6,127,4,0,Moderate
OP4266,Equipment Setup,Night,New,78,8,82,1,2,Moderate
OP4267,Packaging,Night,Experienced,99,47,105,1,1,Low
OP4268,Quality Inspection,Day,Intermediate,72,20,96,3,0,Low
OP4269,Quality Inspection,Day,Intermediate,69,11,143,3,4,Moderate
OP4270,Packaging,Night,Intermediate,84,24,109,0,0,Low
OP4271,Equipment Setup,Night,Experienced,88,47,116,3,1,Moderate
OP4272,Cell Loading,Night,Experienced,95,51,144,0,1,Low
OP4273,Cell Loading,Night,Experienced,70,56,118,3,4,Low
OP4274,Equipment Setup,Night,New,52,7,118,5,1,High
OP4275,Equipment Setup,Day,Experienced,89,41,128,3,2,Low
OP4276,Quality Inspection,Night,Experienced,89,60,127,3,0,Low
OP4277,Packaging,Day,New,71,2,129,4,2,High
OP4278,Formation,Night,Intermediate,74,10,98,5,1,Moderate
OP4279,Cell Loading,Day,Experienced,84,26,140,2,1,Low
OP4280,Quality Inspection,Night,New,55,1,113,5,2,High
OP4281,Packaging,Day,Experienced,80,31,93,2,0,Low
OP4282,Formation,Night,Experienced,100,26,126,0,0,Low
OP4283,Equipment Setup,Night,Intermediate,75,15,130,6,4,High
OP4284,Quality Inspection,Night,Experienced,97,44,127,0,0,Low
OP4285,Quality Inspection,Day,New,78,2,127,7,5,High
OP4286,Cell Loading,Day,Experienced,81,50,138,0,0,Low
OP4287,Packaging,Day,Experienced,66,39,87,0,0,Low
OP4288,Cell Loading,Day,Experienced,95,38,126,1,1,Low
OP4289,Formation,Night,Experienced,80,47,93,4,3,Moderate
OP4290,Packaging,Day,New,66,5,103,1,0,Moderate
OP4291,Packaging,Night,New,69,6,102,3,2,Moderate
OP4292,Equipment Setup,Night,New,69,3,123,7,5,High
OP4293,Formation,Night,New,74,5,102,6,4,High
OP4294,Formation,Night,Experienced,98,37,105,1,0,Low
OP4295,Packaging,Night,New,59,3,120,2,1,High
OP4296,Cell Loading,Day,Experienced,81,52,89,1,1,Low
OP4297,Formation,Day,Intermediate,76,14,91,1,2,Low
OP4298,Formation,Day,Experienced,90,51,150,2,2,Moderate
OP4299,Equipment Setup,Day,Intermediate,81,16,112,5,2,Moderate
OP4300,Equipment Setup,Day,New,77,7,98,5,1,Moderate
OP4301,Quality Inspection,Day,New,72,0,131,3,2,High
OP4302,Quality Inspection,Night,Intermediate,79,23,127,1,1,Moderate
OP4303,Formation,Day,Experienced,93,45,138,1,0,Low
OP4304,Equipment Setup,Night,Intermediate,66,14,127,4,1,Low
OP4305,Formation,Day,Intermediate,84,13,80,5,1,Low
OP4306,Equipment Setup,Night,Intermediate,79,21,123,1,3,Low
OP4307,Equipment Setup,Day,Experienced,86,52,140,0,0,Low
OP4308,Quality Inspection,Day,New,71,8,116,2,1,Low
OP4309,Formation,Night,Experienced,74,29,143,4,2,Moderate
OP4310,Equipment Setup,Day,New,79,0,81,4,1,Moderate
OP4311,Packaging,Day,Experienced,75,35,139,2,2,Moderate
OP4312,Quality Inspection,Day,Experienced,79,26,148,2,0,Low
OP4313,Cell Loading,Night,Experienced,91,48,108,5,3,Low
OP4314,Cell Loading,Day,Intermediate,72,16,150,4,3,High
OP4315,Quality Inspection,Night,Experienced,100,28,144,0,0,Low
OP4316,Quality Inspection,Night,Intermediate,68,20,100,0,1,Low
OP4317,Quality Inspection,Night,Intermediate,83,20,130,0,0,Low
OP4318,Quality Inspection,Day,New,71,5,142,0,0,Low
OP4319,Formation,Day,New,80,0,123,0,1,Low
OP4320,Formation,Day,Intermediate,82,22,135,5,5,Moderate
OP4321,Equipment Setup,Day,Experienced,100,48,85,2,3,Low
OP4322,Equipment Setup,Night,Intermediate,88,18,120,8,6,High
OP4323,Cell Loading,Night,Intermediate,83,9,91,0,0,Low
OP4324,Equipment Setup,Day,New,67,5,82,5,2,High
OP4325,Equipment Setup,Night,Experienced,95,46,112,0,1,Low
OP4326,Packaging,Day,Intermediate,88,21,99,0,0,Low
OP4327,Quality Inspection,Day,New,69,0,131,3,1,Moderate
OP4328,Formation,Day,Experienced,82,58,81,0,1,Low
OP4329,Formation,Night,Experienced,75,57,118,1,2,Moderate
OP4330,Cell Loading,Night,New,72,7,110,5,3,High
OP4331,Cell Loading,Day,Experienced,95,44,87,1,0,Low
OP4332,Formation,Day,Intermediate,81,16,92,3,3,Low
OP4333,Formation,Day,Intermediate,87,21,127,3,3,Moderate
OP4334,Quality Inspection,Night,Intermediate,73,22,85,4,3,Moderate
OP4335,Formation,Night,New,62,1,101,6,3,High
OP4336,Cell Loading,Night,New,70,0,90,7,3,High
OP4337,Equipment Setup,Night,New,72,1,85,4,1,High
OP4338,Equipment Setup,Night,Intermediate,77,24,126,6,5,High
OP4339,Packaging,Night,Experienced,92,46,133,3,1,Moderate
OP4340,Packaging,Night,Experienced,95,52,99,1,1,Low
OP4341,Quality Inspection,Day,New,55,7,92,3,2,Moderate
OP4342,Packaging,Night,Intermediate,78,21,124,2,3,Moderate
OP4343,Quality Inspection,Day,Experienced,84,47,120,2,1,Low
OP4344,Packaging,Night,Intermediate,100,24,123,1,0,Low
OP4345,Equipment Setup,Day,Intermediate,87,13,118,3,1,Moderate
OP4346,Formation,Night,Intermediate,68,18,135,3,3,High
OP4347,Formation,Night,Experienced,97,56,113,1,2,Moderate
OP4348,Equipment Setup,Day,New,68,2,95,2,2,Moderate
OP4349,Cell Loading,Day,Experienced,86,53,146,4,3,High
OP4350,Quality Inspection,Night,Intermediate,72,18,84,2,2,Moderate
OP4351,Cell Loading,Night,New,86,4,86,3,2,Moderate
OP4352,Equipment Setup,Night,Intermediate,100,16,107,5,4,High
OP4353,Formation,Night,Experienced,82,48,84,4,4,High
OP4354,Quality Inspection,Night,New,63,1,126,6,2,High
OP4355,Quality Inspection,Night,Experienced,81,30,119,2,3,Moderate
OP4356,Formation,Day,New,72,0,130,2,1,Moderate
OP4357,Equipment Setup,Night,Intermediate,79,20,123,4,2,Moderate
OP4358,Cell Loading,Night,New,64,5,105,6,5,High
OP4359,Formation,Day,New,74,0,89,4,1,High
OP4360,Cell Loading,Night,Experienced,87,48,94,2,1,Low
OP4361,Formation,Night,Experienced,72,36,89,5,2,Moderate
OP4362,Equipment Setup,Day,New,65,7,117,5,3,High
OP4363,Equipment Setup,Day,Experienced,79,49,96,0,1,Low
OP4364,Equipment Setup,Night,New,82,3,85,3,3,High
OP4365,Cell Loading,Night,Experienced,75,56,115,2,2,Moderate
OP4366,Packaging,Night,Intermediate,66,22,81,3,1,Low
OP4367,Formation,Day,Intermediate,75,20,134,4,0,Low
OP4368,Cell Loading,Day,New,76,5,101,6,2,Moderate
OP4369,Packaging,Night,New,65,1,107,4,1,Moderate
OP4370,Formation,Night,New,70,3,115,3,2,Moderate
OP4371,Quality Inspection,Day,Experienced,81,39,144,0,0,Low
OP4372,Quality Inspection,Night,Experienced,86,47,129,1,1,Moderate
OP4373,Formation,Night,Experienced,94,35,116,0,3,Low
OP4374,Packaging,Day,Intermediate,72,9,146,2,1,Moderate
OP4375,Equipment Setup,Night,Experienced,92,26,93,2,0,Low
OP4376,Quality Inspection,Night,Experienced,77,30,146,1,1,Low
OP4377,Equipment Setup,Day,Intermediate,85,24,86,2,0,Low
OP4378,Formation,Night,Intermediate,83,9,98,3,1,Moderate
OP4379,Formation,Night,Experienced,96,43,131,0,0,Low
OP4380,Quality Inspection,Night,Experienced,92,59,121,2,1,Moderate
OP4381,Quality Inspection,Night,Intermediate,76,12,97,4,6,High
OP4382,Quality Inspection,Day,Experienced,80,49,108,2,0,Low
OP4383,Formation,Day,New,65,8,101,3,0,Moderate
OP4384,Equipment Setup,Day,New,78,8,86,6,1,Moderate
OP4385,Quality Inspection,Day,Experienced,86,35,125,2,2,Moderate
OP4386,Cell Loading,Day,Experienced,93,33,135,5,2,Moderate
OP4387,Formation,Night,Experienced,97,56,140,3,1,Low
OP4388,Equipment Setup,Day,New,67,6,95,5,4,High
OP4389,Quality Inspection,Night,New,57,4,88,0,1,Moderate
OP4390,Formation,Day,Intermediate,86,23,148,5,3,Moderate
OP4391,Quality Inspection,Day,Experienced,91,53,101,3,1,High
OP4392,Equipment Setup,Day,Experienced,98,30,113,2,2,Low
OP4393,Packaging,Day,Intermediate,87,15,149,5,3,Moderate
OP4394,Equipment Setup,Day,Experienced,86,46,150,3,0,Low
OP4395,Equipment Setup,Night,Intermediate,67,12,133,3,2,Moderate
OP4396,Packaging,Day,Experienced,92,25,142,3,0,Low
OP4397,Packaging,Day,Experienced,93,51,124,2,1,Low
OP4398,Formation,Day,New,60,6,82,6,4,High
OP4399,Cell Loading,Night,Experienced,89,30,100,4,3,Moderate
OP4400,Packaging,Night,New,71,5,135,3,2,Moderate
OP4401,Quality Inspection,Day,Experienced,93,56,138,2,1,Low
OP4402,Quality Inspection,Day,Intermediate,91,10,136,2,1,Low
OP4403,Equipment Setup,Day,Experienced,76,55,89,3,5,High
OP4404,Cell Loading,Night,Experienced,87,44,146,2,2,Low
OP4405,Cell Loading,Night,New,59,7,97,5,4,High
OP4406,Packaging,Day,Experienced,77,42,126,0,0,Low
OP4407,Packaging,Night,Intermediate,65,21,91,5,5,High
OP4408,Equipment Setup,Night,Experienced,100,54,128,3,1,Low
OP4409,Packaging,Day,New,79,8,115,4,1,Moderate
OP4410,Packaging,Night,New,70,2,97,2,1,Moderate
OP4411,Equipment Setup,Day,Intermediate,78,10,104,3,2,Low
OP4412,Equipment Setup,Day,Intermediate,71,20,84,4,3,Moderate
OP4413,Formation,Day,Intermediate,76,10,107,4,3,Moderate
OP4414,Formation,Day,Experienced,100,44,85,0,0,Moderate
OP4415,Formation,Day,Experienced,93,31,127,1,0,Low
OP4416,Packaging,Night,Experienced,83,38,140,2,2,Moderate
OP4417,Cell Loading,Night,New,68,3,95,3,1,Moderate
OP4418,Equipment Setup,Day,Experienced,94,31,132,0,2,Low
OP4419,Cell Loading,Night,New,51,1,124,6,3,High
OP4420,Formation,Day,Experienced,85,34,89,0,1,Low
OP4421,Quality Inspection,Night,Experienced,91,33,102,3,2,Low
OP4422,Formation,Night,Intermediate,74,12,115,8,4,High
OP4423,Equipment Setup,Day,Intermediate,59,10,104,3,3,High
OP4424,Quality Inspection,Night,New,58,0,148,3,2,High
OP4425,Equipment Setup,Night,Intermediate,98,21,146,3,2,Low
OP4426,Equipment Setup,Day,Intermediate,85,13,120,2,2,Low
OP4427,Cell Loading,Day,Experienced,82,38,146,1,1,Low
OP4428,Formation,Day,New,74,3,104,6,4,High
OP4429,Cell Loading,Day,Experienced,96,59,133,0,1,Low
OP4430,Quality Inspection,Night,Intermediate,77,23,110,3,0,Low
OP4431,Equipment Setup,Day,Intermediate,84,18,85,1,2,Low
OP4432,Equipment Setup,Night,New,59,2,94,5,2,High
OP4433,Equipment Setup,Night,Intermediate,70,17,104,2,0,Low
OP4434,Packaging,Day,Intermediate,80,18,132,3,2,Low
OP4435,Cell Loading,Night,Intermediate,80,20,113,5,4,Moderate
OP4436,Formation,Day,Intermediate,94,18,112,3,1,Low
OP4437,Formation,Night,New,67,2,113,2,0,Moderate
OP4438,Formation,Night,Intermediate,81,11,127,1,2,Moderate
OP4439,Packaging,Night,Experienced,80,48,123,3,3,Moderate
OP4440,Quality Inspection,Day,Experienced,86,35,94,3,4,Moderate
OP4441,Packaging,Day,Experienced,80,53,135,0,0,Low
OP4442,Quality Inspection,Day,New,79,5,145,1,3,Moderate
OP4443,Cell Loading,Day,Experienced,97,55,150,1,2,Low
OP4444,Formation,Night,Intermediate,86,23,131,5,3,Moderate
OP4445,Cell Loading,Night,New,72,6,136,8,7,High
OP4446,Quality Inspection,Day,New,71,5,96,5,1,Moderate
OP4447,Quality Inspection,Night,Experienced,88,49,82,3,3,Moderate
OP4448,Equipment Setup,Night,Experienced,83,54,122,8,4,Moderate
OP4449,Packaging,Night,New,53,8,100,0,1,Low
OP4450,Equipment Setup,Day,Experienced,94,52,114,4,2,Low
OP4451,Formation,Night,New,69,4,89,2,0,Moderate
OP4452,Packaging,Night,New,81,4,103,2,1,Moderate
OP4453,Formation,Day,Intermediate,77,15,121,1,0,Low
OP4454,Cell Loading,Night,Intermediate,70,10,141,3,4,Moderate
OP4455,Quality Inspection,Night,Experienced,85,25,134,4,3,Moderate
OP4456,Formation,Day,New,59,1,85,2,2,High
OP4457,Equipment Setup,Day,Intermediate,73,12,135,6,5,High
OP4458,Cell Loading,Night,New,83,8,97,6,3,High
OP4459,Cell Loading,Night,New,56,3,144,3,2,Moderate
OP4460,Packaging,Night,Intermediate,91,17,127,0,0,Low
OP4461,Cell Loading,Day,Intermediate,83,17,112,2,1,Low
OP4462,Equipment Setup,Night,Intermediate,77,10,141,2,0,Low
OP4463,Quality Inspection,Night,Experienced,81,27,81,6,0,Low
OP4464,Formation,Day,Experienced,90,59,108,1,1,Low
OP4465,Formation,Night,Intermediate,81,17,124,2,2,Moderate
OP4466,Packaging,Day,Experienced,83,30,96,3,3,Low
OP4467,Formation,Night,Intermediate,70,11,80,11,6,High
OP4468,Quality Inspection,Night,Experienced,83,31,102,1,0,Low
OP4469,Cell Loading,Day,Experienced,84,42,89,2,0,Low
OP4470,Formation,Day,New,76,7,101,4,2,High
OP4471,Packaging,Day,New,63,8,88,2,0,Moderate
OP4472,Quality Inspection,Day,New,73,7,146,0,1,Low
OP4473,Formation,Day,Intermediate,91,10,126,4,1,Moderate
OP4474,Cell Loading,Night,Experienced,57,51,127,3,1,Moderate
OP4475,Quality Inspection,Day,New,65,7,96,3,2,Moderate
OP4476,Quality Inspection,Day,Experienced,87,49,109,1,0,Low
OP4477,Packaging,Day,Intermediate,81,19,80,0,0,Low
OP4478,Equipment Setup,Day,Experienced,91,29,109,0,1,Low
OP4479,Quality Inspection,Night,Experienced,77,44,124,2,0,Low
OP4480,Packaging,Day,Intermediate,97,15,129,0,0,Moderate
OP4481,Cell Loading,Night,Intermediate,82,17,94,5,5,High
OP4482,Equipment Setup,Day,Experienced,76,59,96,5,3,Moderate
OP4483,Equipment Setup,Day,Intermediate,89,13,110,6,5,Moderate
OP4484,Equipment Setup,Night,Experienced,90,50,146,4,4,Low
OP4485,Packaging,Day,New,68,5,88,2,0,Low
OP4486,Cell Loading,Day,New,76,1,131,3,2,Moderate
OP4487,Equipment Setup,Night,Intermediate,80,24,112,0,0,Low
OP4488,Packaging,Day,Experienced,89,51,82,1,0,Low
OP4489,Quality Inspection,Day,Experienced,83,50,110,4,3,Moderate
OP4490,Packaging,Day,Intermediate,77,22,135,2,3,Low
OP4491,Equipment Setup,Day,Experienced,91,30,149,1,1,Low
OP4492,Formation,Day,Intermediate,88,20,118,2,2,Moderate
OP4493,Formation,Night,New,83,6,90,4,3,High
OP4494,Equipment Setup,Day,Experienced,92,38,129,3,2,Moderate
OP4495,Equipment Setup,Night,Experienced,92,47,127,0,1,Low
OP4496,Equipment Setup,Night,Intermediate,70,10,80,3,1,Moderate
OP4497,Cell Loading,Day,Experienced,100,57,126,4,5,Moderate
OP4498,Packaging,Day,New,91,5,110,2,1,Low
OP4499,Equipment Setup,Night,Experienced,97,40,124,0,2,Low
OP4500,Cell Loading,Night,New,66,3,86,4,2,High
OP4501,Packaging,Day,Experienced,92,34,83,3,1,Low
OP4502,Cell Loading,Day,New,73,1,134,1,1,Moderate
OP4503,Equipment Setup,Day,Intermediate,71,22,95,2,1,Low
OP4504,Equipment Setup,Night,New,91,8,126,4,1,Moderate
OP4505,Equipment Setup,Night,Intermediate,75,23,116,2,2,Low
OP4506,Quality Inspection,Night,Intermediate,61,9,83,6,2,Moderate
OP4507,Packaging,Day,Experienced,78,34,150,3,2,Low
OP4508,Quality Inspection,Day,Experienced,79,31,145,1,0,Low
OP4509,Formation,Day,Experienced,100,59,121,2,3,Moderate
OP4510,Quality Inspection,Day,New,62,5,89,5,2,High
OP4511,Quality Inspection,Day,Experienced,81,43,114,2,1,Low
OP4512,Formation,Night,New,58,1,107,4,2,High
OP4513,Formation,Night,Experienced,83,58,126,5,3,Moderate
OP4514,Equipment Setup,Night,Intermediate,83,21,121,3,2,Moderate
OP4515,Quality Inspection,Day,Experienced,96,25,140,6,2,Moderate
OP4516,Formation,Night,Intermediate,82,22,80,5,3,Moderate
OP4517,Formation,Day,Experienced,90,37,117,7,1,Moderate
OP4518,Quality Inspection,Night,Experienced,83,52,110,2,2,Low
OP4519,Formation,Day,Intermediate,86,19,101,3,2,Moderate
OP4520,Packaging,Night,Intermediate,75,18,82,3,3,Moderate
OP4521,Equipment Setup,Day,Intermediate,80,21,145,2,1,Low
OP4522,Formation,Day,Intermediate,68,20,104,0,0,Low
OP4523,Equipment Setup,Day,Intermediate,80,16,109,1,2,Low
OP4524,Cell Loading,Night,Experienced,74,55,119,4,4,Moderate
OP4525,Quality Inspection,Day,New,74,5,136,0,0,Low
OP4526,Cell Loading,Day,Intermediate,86,23,93,2,0,Low
OP4527,Quality Inspection,Day,New,73,4,84,2,1,Low
OP4528,Equipment Setup,Night,New,77,0,142,0,0,Moderate
OP4529,Formation,Day,Experienced,100,50,136,0,0,Low
OP4530,Cell Loading,Night,Experienced,100,27,142,1,3,Low
OP4531,Formation,Night,Experienced,95,57,89,3,2,Moderate
OP4532,Formation,Night,Experienced,88,34,116,5,5,Moderate
OP4533,Cell Loading,Day,Experienced,79,46,146,4,0,Low
OP4534,Packaging,Night,Intermediate,75,18,99,6,3,Moderate
OP4535,Formation,Night,Experienced,77,43,111,4,2,Low
OP4536,Packaging,Day,Experienced,75,50,147,2,0,Low
OP4537,Formation,Day,Experienced,100,25,149,2,1,Low
OP4538,Formation,Day,New,77,1,139,1,1,Moderate
OP4539,Formation,Night,Intermediate,88,13,121,2,2,Moderate
OP4540,Formation,Day,Experienced,100,44,108,0,0,Low
OP4541,Packaging,Night,New,66,1,115,5,2,High
OP4542,Packaging,Day,New,61,2,83,3,2,High
OP4543,Formation,Day,Intermediate,58,13,144,5,1,Moderate
OP4544,Packaging,Day,Intermediate,82,11,123,0,0,Low
OP4545,Quality Inspection,Night,Experienced,93,36,117,5,2,Moderate
OP4546,Packaging,Day,Experienced,77,54,142,0,1,Low
OP4547,Formation,Day,Intermediate,81,15,86,4,3,High
OP4548,Equipment Setup,Day,Experienced,84,51,83,6,3,Moderate
OP4549,Quality Inspection,Day,Intermediate,72,20,106,1,0,Low
OP4550,Packaging,Night,Intermediate,77,23,89,1,2,Moderate
OP4551,Equipment Setup,Night,Experienced,100,26,96,2,2,Moderate
OP4552,Formation,Night,Experienced,100,26,150,1,2,Low
OP4553,Formation,Day,Experienced,87,34,81,4,4,Low
OP4554,Packaging,Day,New,87,6,149,4,3,High
OP4555,Packaging,Night,Experienced,82,59,84,0,2,Low
OP4556,Cell Loading,Day,New,57,8,125,3,0,High
OP4557,Quality Inspection,Night,Intermediate,94,15,144,2,2,Low
OP4558,Cell Loading,Night,Intermediate,78,19,126,4,3,Low
OP4559,Equipment Setup,Night,Experienced,87,41,97,3,2,Moderate
OP4560,Cell Loading,Day,New,78,1,116,2,0,Low
OP4561,Cell Loading,Day,New,84,5,117,6,6,High
OP4562,Cell Loading,Day,Experienced,75,45,118,4,1,Low
OP4563,Formation,Night,New,49,8,123,4,0,High
OP4564,Equipment Setup,Night,Intermediate,77,16,127,5,4,Moderate
OP4565,Quality Inspection,Day,New,69,4,85,4,2,Moderate
OP4566,Packaging,Night,Intermediate,88,11,106,2,2,Low
OP4567,Equipment Setup,Night,Experienced,91,48,130,5,5,High
OP4568,Packaging,Night,Intermediate,69,9,130,3,2,Moderate
OP4569,Quality Inspection,Night,Intermediate,83,16,132,4,2,Low
OP4570,Packaging,Day,Intermediate,90,14,116,4,2,Low
OP4571,Cell Loading,Day,Intermediate,99,10,134,0,0,Low
OP4572,Cell Loading,Night,Experienced,100,31,149,1,0,Low
OP4573,Equipment Setup,Night,Intermediate,90,24,137,5,3,High
OP4574,Cell Loading,Day,Experienced,89,33,143,2,0,Low
OP4575,Cell Loading,Night,Intermediate,71,19,87,1,2,Moderate
OP4576,Quality Inspection,Day,Experienced,79,37,113,0,0,Low
OP4577,Quality Inspection,Day,Intermediate,83,9,96,3,1,Low
OP4578,Quality Inspection,Day,Intermediate,67,17,148,3,2,Moderate
OP4579,Formation,Day,Intermediate,65,19,111,4,3,Moderate
OP4580,Formation,Night,Intermediate,77,22,85,6,3,High
OP4581,Quality Inspection,Day,Intermediate,80,21,126,0,1,Low
OP4582,Equipment Setup,Night,Experienced,81,58,113,0,0,Low
OP4583,Formation,Night,Intermediate,84,12,147,2,2,Low
OP4584,Formation,Night,Experienced,75,26,113,5,3,Moderate
OP4585,Packaging,Night,Experienced,84,28,88,3,1,Low
OP4586,Packaging,Night,Experienced,98,46,82,0,0,Low
OP4587,Formation,Day,Intermediate,87,19,125,3,0,Low
OP4588,Quality Inspection,Day,Intermediate,76,10,132,5,1,Moderate
OP4589,Formation,Night,New,56,3,111,2,2,High
OP4590,Formation,Night,Experienced,95,40,102,2,1,Low
OP4591,Packaging,Day,New,68,7,121,0,0,Moderate
OP4592,Equipment Setup,Night,Experienced,100,57,119,3,2,Moderate
OP4593,Formation,Night,Intermediate,100,10,129,5,3,Moderate
OP4594,Equipment Setup,Day,Intermediate,89,24,126,5,3,Moderate
OP4595,Formation,Night,Experienced,91,27,88,3,2,Low
OP4596,Cell Loading,Day,Intermediate,83,22,106,3,2,Moderate
OP4597,Equipment Setup,Night,Experienced,87,25,92,1,0,Low
OP4598,Formation,Night,Experienced,82,49,113,3,5,Moderate
OP4599,Quality Inspection,Day,Experienced,86,28,81,2,2,Low
OP4600,Packaging,Day,Intermediate,83,23,137,0,0,Low
OP4601,Packaging,Night,New,44,3,102,6,4,High
OP4602,Quality Inspection,Night,Experienced,80,57,86,2,3,Moderate
OP4603,Cell Loading,Day,Experienced,86,60,134,3,0,Moderate
OP4604,Equipment Setup,Night,Experienced,82,46,118,2,1,Low
OP4605,Formation,Night,New,52,6,129,4,3,High
OP4606,Equipment Setup,Day,Intermediate,59,18,127,2,3,Moderate
OP4607,Formation,Night,Intermediate,74,14,124,1,1,Low
OP4608,Quality Inspection,Day,Intermediate,83,17,88,4,0,Low
OP4609,Packaging,Day,New,74,6,102,4,2,High
OP4610,Quality Inspection,Night,Intermediate,78,16,107,4,2,Low
OP4611,Formation,Day,Experienced,85,35,115,0,0,Low
OP4612,Formation,Night,New,52,6,98,5,5,High
OP4613,Formation,Day,Experienced,83,56,101,3,3,Low
OP4614,Quality Inspection,Day,New,83,3,149,0,0,Low
OP4615,Equipment Setup,Night,Experienced,83,53,136,0,1,Low
OP4616,Equipment Setup,Day,Intermediate,85,21,130,1,2,Low
OP4617,Equipment Setup,Day,Intermediate,91,17,84,4,2,Moderate
OP4618,Packaging,Night,Intermediate,87,15,145,4,3,Moderate
OP4619,Formation,Night,Experienced,89,48,129,5,2,Moderate
OP4620,Equipment Setup,Day,Intermediate,95,19,96,5,5,Moderate
OP4621,Cell Loading,Day,Intermediate,92,15,86,0,0,Low
OP4622,Cell Loading,Day,Intermediate,91,13,93,5,3,Moderate
OP4623,Equipment Setup,Night,Experienced,78,41,135,4,3,Moderate
OP4624,Formation,Day,New,84,0,127,3,3,Moderate
OP4625,Cell Loading,Night,Intermediate,61,17,99,3,0,Moderate
OP4626,Quality Inspection,Night,New,65,3,86,4,5,High
OP4627,Packaging,Night,Experienced,76,47,123,2,0,Low
OP4628,Formation,Night,Experienced,91,50,149,1,0,Low
OP4629,Equipment Setup,Day,Intermediate,83,12,106,2,2,Low
OP4630,Packaging,Night,Experienced,96,36,113,1,1,Low
OP4631,Packaging,Day,Intermediate,63,19,84,3,1,Moderate
OP4632,Formation,Night,Intermediate,84,15,117,6,0,Moderate
OP4633,Quality Inspection,Day,Experienced,94,32,91,3,1,Low
OP4634,Cell Loading,Day,Intermediate,86,14,92,3,2,Moderate
OP4635,Equipment Setup,Night,Intermediate,69,9,144,5,4,Moderate
OP4636,Cell Loading,Night,Intermediate,70,15,143,5,3,Moderate
OP4637,Equipment Setup,Day,Intermediate,76,12,107,3,3,Moderate
OP4638,Cell Loading,Day,Experienced,94,54,147,2,0,Low
OP4639,Formation,Night,Experienced,93,56,105,0,1,Low
OP4640,Packaging,Day,Intermediate,84,15,150,0,0,Low
OP4641,Cell Loading,Night,Experienced,84,25,123,1,1,Low
OP4642,Cell Loading,Night,Experienced,94,47,140,4,5,High
OP4643,Equipment Setup,Night,Experienced,78,43,100,4,3,Moderate
OP4644,Equipment Setup,Night,New,44,4,82,7,4,High
OP4645,Equipment Setup,Night,New,72,6,114,3,2,Moderate
OP4646,Quality Inspection,Night,Experienced,76,41,111,6,3,Moderate
OP4647,Quality Inspection,Night,Experienced,85,46,81,2,2,Low
OP4648,Formation,Night,New,77,2,126,0,2,Moderate
OP4649,Packaging,Day,Intermediate,70,18,89,2,0,Low
OP4650,Formation,Night,Intermediate,66,16,110,3,2,High
OP4651,Packaging,Day,Experienced,82,60,150,0,0,Low
OP4652,Equipment Setup,Night,Experienced,71,37,140,7,4,High
OP4653,Equipment Setup,Night,New,86,3,100,5,4,High
OP4654,Equipment Setup,Day,Intermediate,82,11,83,4,0,Low
OP4655,Equipment Setup,Night,New,70,8,99,6,1,High
OP4656,Cell Loading,Night,Intermediate,75,11,103,3,0,Low
OP4657,Equipment Setup,Day,New,78,0,97,4,3,High
OP4658,Cell Loading,Day,Intermediate,80,10,91,3,0,Low
OP4659,Quality Inspection,Night,Experienced,100,31,122,3,4,Moderate
OP4660,Formation,Day,Experienced,82,54,127,2,3,Moderate
OP4661,Packaging,Day,Experienced,91,44,123,2,2,Low
OP4662,Packaging,Day,Experienced,83,36,87,0,0,Low
OP4663,Formation,Night,Experienced,90,40,84,2,2,Low
OP4664,Formation,Night,Intermediate,83,22,117,4,3,High
OP4665,Cell Loading,Night,Intermediate,74,16,87,1,2,Moderate
OP4666,Packaging,Day,Experienced,80,29,133,1,0,Low
OP4667,Formation,Night,Intermediate,90,19,137,1,1,Low
OP4668,Quality Inspection,Day,Experienced,84,54,93,0,0,Moderate
OP4669,Cell Loading,Night,New,66,6,139,3,2,High
OP4670,Formation,Night,Experienced,73,28,121,6,3,Moderate
OP4671,Packaging,Night,Experienced,86,40,101,1,1,Low
OP4672,Equipment Setup,Day,Experienced,85,39,118,2,1,Low
OP4673,Equipment Setup,Day,Intermediate,75,24,148,0,0,Moderate
OP4674,Formation,Day,New,87,7,140,5,3,Moderate
OP4675,Equipment Setup,Day,Intermediate,97,16,140,4,3,Moderate
OP4676,Quality Inspection,Day,Experienced,85,26,129,0,2,Low
OP4677,Quality Inspection,Day,Experienced,82,36,144,0,0,Moderate
OP4678,Packaging,Day,Intermediate,84,14,93,0,1,Low
OP4679,Quality Inspection,Day,New,78,0,87,5,3,High
OP4680,Quality Inspection,Day,Intermediate,70,20,90,3,0,Low
OP4681,Packaging,Night,Experienced,93,32,140,5,5,High
OP4682,Cell Loading,Day,Intermediate,83,13,93,3,2,Low
OP4683,Formation,Night,Experienced,70,52,120,2,1,Low
OP4684,Cell Loading,Night,New,67,0,145,4,2,Moderate
OP4685,Cell Loading,Day,New,89,5,90,4,0,Moderate
OP4686,Equipment Setup,Day,Intermediate,93,15,141,4,1,Moderate
OP4687,Equipment Setup,Day,Experienced,79,49,137,7,5,High
OP4688,Equipment Setup,Day,Experienced,94,55,133,5,4,Moderate
OP4689,Packaging,Night,New,59,0,90,6,3,High
OP4690,Cell Loading,Night,Intermediate,88,9,146,4,3,Moderate
OP4691,Equipment Setup,Night,Intermediate,82,18,102,2,1,Low
OP4692,Equipment Setup,Day,Intermediate,100,24,108,2,1,Low
OP4693,Packaging,Night,New,67,1,129,2,2,Moderate
OP4694,Quality Inspection,Night,Intermediate,71,22,90,3,2,Moderate
OP4695,Quality Inspection,Day,Intermediate,85,20,90,2,0,Low
OP4696,Formation,Night,Intermediate,79,13,90,2,3,Moderate
OP4697,Equipment Setup,Day,New,60,8,102,5,4,High
OP4698,Packaging,Day,Experienced,94,39,116,3,2,Low
OP4699,Quality Inspection,Night,Intermediate,83,18,94,5,2,Moderate
OP4700,Quality Inspection,Night,Intermediate,74,23,102,7,6,High
OP4701,Quality Inspection,Night,Intermediate,67,14,102,2,1,Moderate
OP4702,Packaging,Night,Experienced,100,55,91,2,2,Low
OP4703,Cell Loading,Night,New,61,7,105,6,5,High
OP4704,Packaging,Day,Intermediate,80,18,119,0,0,Low
OP4705,Formation,Day,Experienced,84,57,85,2,0,Low
OP4706,Cell Loading,Day,New,66,6,136,0,0,Low
OP4707,Quality Inspection,Day,Intermediate,73,18,121,5,3,Low
OP4708,Formation,Day,New,72,5,121,6,3,High
OP4709,Quality Inspection,Day,New,79,5,97,2,0,Low
OP4710,Equipment Setup,Day,Experienced,79,30,85,2,0,Low
OP4711,Cell Loading,Night,New,56,3,120,1,3,High
OP4712,Cell Loading,Day,New,70,6,111,3,2,High
OP4713,Quality Inspection,Day,Experienced,97,38,128,4,4,Moderate
OP4714,Packaging,Day,Experienced,84,43,145,0,0,Low
OP4715,Cell Loading,Night,Experienced,85,34,108,1,2,Low
OP4716,Formation,Day,Intermediate,92,17,102,3,1,Low
OP4717,Formation,Night,Experienced,82,46,119,7,8,High
OP4718,Equipment Setup,Day,New,71,3,105,2,0,High
OP4719,Cell Loading,Night,Intermediate,54,11,93,7,1,High
OP4720,Packaging,Night,Experienced,98,49,141,1,1,Low
OP4721,Formation,Day,Experienced,79,39,127,2,1,Low
OP4722,Cell Loading,Night,New,71,3,96,4,4,High
OP4723,Equipment Setup,Day,Experienced,100,52,148,0,2,Low
OP4724,Formation,Night,New,56,6,109,4,3,High
OP4725,Quality Inspection,Day,Intermediate,84,19,82,5,4,Moderate
OP4726,Formation,Day,New,63,7,117,6,4,High
OP4727,Cell Loading,Day,Experienced,81,30,130,4,0,Low
OP4728,Equipment Setup,Day,Experienced,100,60,94,5,2,High
OP4729,Packaging,Night,Experienced,77,34,140,0,0,Low
OP4730,Cell Loading,Day,New,71,0,148,1,1,Moderate
OP4731,Cell Loading,Night,Experienced,87,40,107,0,0,Low
OP4732,Formation,Night,Experienced,100,42,135,4,3,Moderate
OP4733,Quality Inspection,Day,Experienced,99,60,101,5,4,Moderate
OP4734,Formation,Day,Experienced,86,28,118,0,0,Low
OP4735,Cell Loading,Day,Intermediate,68,23,110,3,2,Moderate
OP4736,Packaging,Day,New,75,3,140,1,1,Low
OP4737,Packaging,Day,Intermediate,91,21,138,3,1,Low
OP4738,Packaging,Day,New,78,4,133,2,2,Moderate
OP4739,Equipment Setup,Night,Experienced,96,49,100,5,5,Moderate
OP4740,Cell Loading,Day,Intermediate,86,10,149,4,2,Moderate
OP4741,Equipment Setup,Day,New,81,3,123,3,2,High
OP4742,Packaging,Day,New,62,4,98,5,3,High
OP4743,Packaging,Night,Intermediate,71,9,125,4,2,Moderate
OP4744,Equipment Setup,Day,Experienced,93,26,113,4,3,Moderate
OP4745,Quality Inspection,Night,Intermediate,68,20,134,4,4,Moderate
OP4746,Equipment Setup,Night,Experienced,79,54,135,1,0,Moderate
OP4747,Cell Loading,Night,Experienced,69,54,149,4,4,Moderate
OP4748,Quality Inspection,Day,New,68,1,126,1,3,Moderate
OP4749,Equipment Setup,Day,New,80,2,116,2,2,Moderate
OP4750,Formation,Night,Experienced,84,55,85,3,4,Low
OP4751,Cell Loading,Day,New,73,7,91,4,2,Moderate
OP4752,Formation,Night,Intermediate,85,9,95,1,1,Moderate
OP4753,Packaging,Day,Intermediate,73,23,135,3,3,Moderate
OP4754,Quality Inspection,Night,New,67,5,140,7,4,High
OP4755,Formation,Night,New,47,2,143,6,0,High
OP4756,Quality Inspection,Day,Experienced,85,55,94,0,2,Low
OP4757,Cell Loading,Day,Intermediate,95,21,87,4,4,Moderate
OP4758,Quality Inspection,Night,Experienced,88,27,135,0,0,Low
OP4759,Quality Inspection,Day,New,70,5,115,2,1,Low
OP4760,Quality Inspection,Day,Intermediate,68,10,99,1,2,Moderate
OP4761,Packaging,Night,Experienced,90,31,146,0,0,Low
OP4762,Equipment Setup,Day,Experienced,92,49,107,3,4,Moderate
OP4763,Cell Loading,Night,Intermediate,80,14,129,3,3,Low
OP4764,Packaging,Night,Experienced,82,46,93,2,0,Moderate
OP4765,Equipment Setup,Night,Intermediate,94,23,134,6,4,High
OP4766,Formation,Night,New,67,8,136,6,0,High
OP4767,Equipment Setup,Night,Experienced,88,27,103,5,2,Low
OP4768,Quality Inspection,Night,Experienced,69,53,131,2,2,Moderate
OP4769,Packaging,Night,Experienced,88,47,144,2,1,Moderate
OP4770,Cell Loading,Day,Experienced,95,43,124,3,3,Moderate
OP4771,Packaging,Day,Experienced,92,42,150,4,2,Low
OP4772,Cell Loading,Day,Intermediate,68,17,85,6,3,High
OP4773,Packaging,Day,Intermediate,66,15,101,0,2,Low
OP4774,Equipment Setup,Night,Intermediate,80,23,96,5,2,Moderate
OP4775,Cell Loading,Day,New,91,3,108,4,3,Moderate
OP4776,Formation,Night,Experienced,94,59,102,4,1,Low
OP4777,Packaging,Night,New,72,2,96,4,1,Moderate
OP4778,Packaging,Day,New,68,7,147,2,1,Moderate
OP4779,Formation,Day,New,70,1,133,2,0,Moderate
OP4780,Packaging,Day,New,82,6,133,3,4,Moderate
OP4781,Cell Loading,Day,Experienced,76,54,84,1,1,Moderate
OP4782,Packaging,Day,Experienced,75,52,82,2,2,Low
OP4783,Quality Inspection,Day,Intermediate,85,23,122,2,2,Low
OP4784,Formation,Night,Intermediate,69,12,127,2,0,Low
OP4785,Packaging,Night,Experienced,87,35,139,1,1,Low
OP4786,Formation,Day,New,69,0,140,7,1,High
OP4787,Packaging,Night,Experienced,87,46,104,2,3,Moderate
OP4788,Quality Inspection,Day,Experienced,88,34,83,5,3,Moderate
OP4789,Cell Loading,Day,Experienced,100,29,93,3,4,Moderate
OP4790,Quality Inspection,Day,New,68,1,146,4,0,High
OP4791,Cell Loading,Day,Experienced,91,41,145,0,0,Low
OP4792,Cell Loading,Night,Experienced,94,50,104,1,1,Low
OP4793,Quality Inspection,Day,Intermediate,68,23,141,5,2,Moderate
OP4794,Formation,Night,Intermediate,86,16,117,3,2,Low
OP4795,Packaging,Night,Intermediate,89,16,134,5,2,Moderate
OP4796,Formation,Night,Intermediate,71,11,131,5,3,Moderate
OP4797,Packaging,Night,Intermediate,73,11,133,0,0,Low
OP4798,Packaging,Night,Experienced,81,35,99,0,0,Moderate
OP4799,Equipment Setup,Day,New,50,4,120,6,3,High
OP4800,Packaging,Day,Experienced,83,28,136,1,1,Low
OP4801,Formation,Day,Experienced,71,37,94,5,3,Moderate
OP4802,Cell Loading,Night,Experienced,77,29,118,1,0,Low
OP4803,Cell Loading,Night,Intermediate,77,21,98,5,5,High
OP4804,Cell Loading,Night,Experienced,80,26,112,4,2,Moderate
OP4805,Cell Loading,Night,Intermediate,93,23,138,3,3,Low
OP4806,Equipment Setup,Night,Intermediate,88,19,106,5,0,Low
OP4807,Quality Inspection,Day,New,81,8,98,3,1,Low
OP4808,Quality Inspection,Night,Experienced,94,27,85,0,1,Low
OP4809,Quality Inspection,Day,Experienced,96,56,112,0,0,Low
OP4810,Packaging,Day,Intermediate,88,9,134,1,1,Moderate
OP4811,Quality Inspection,Day,Experienced,96,35,92,0,0,Low
OP4812,Formation,Day,Experienced,82,37,131,2,2,Low
OP4813,Quality Inspection,Night,Intermediate,76,21,88,0,1,Moderate
OP4814,Cell Loading,Day,Experienced,74,33,90,0,1,Low
OP4815,Formation,Night,Experienced,86,54,99,1,0,Low
OP4816,Equipment Setup,Night,New,69,4,96,6,3,High
OP4817,Formation,Day,Intermediate,89,23,147,0,0,Low
OP4818,Quality Inspection,Day,Experienced,100,34,89,1,2,Low
OP4819,Equipment Setup,Night,Experienced,87,42,130,3,2,Moderate
OP4820,Quality Inspection,Night,Intermediate,66,20,142,0,0,Low
OP4821,Cell Loading,Night,Experienced,96,44,136,2,2,Low
OP4822,Equipment Setup,Night,New,63,0,131,7,3,High
OP4823,Equipment Setup,Night,Intermediate,66,9,109,4,3,High
OP4824,Quality Inspection,Day,Experienced,90,46,132,1,0,Low
OP4825,Equipment Setup,Day,Intermediate,74,11,126,1,0,Low
OP4826,Cell Loading,Day,Intermediate,68,9,106,0,0,Low
OP4827,Quality Inspection,Night,Experienced,100,36,106,5,2,Moderate
OP4828,Formation,Day,New,68,0,122,3,2,High
OP4829,Packaging,Day,Intermediate,79,21,82,0,0,Low
OP4830,Packaging,Day,Intermediate,89,24,111,4,2,Low
OP4831,Formation,Night,Intermediate,87,17,131,1,2,Moderate
OP4832,Formation,Day,Experienced,85,33,134,0,0,Low
OP4833,Packaging,Day,Experienced,85,31,88,3,1,Low
OP4834,Equipment Setup,Night,New,64,6,108,2,1,High
OP4835,Packaging,Day,New,60,2,112,3,5,High
OP4836,Cell Loading,Day,Intermediate,73,10,146,4,2,Low
OP4837,Quality Inspection,Day,Intermediate,89,22,103,3,1,Low
OP4838,Packaging,Day,Experienced,76,43,102,0,1,Low
OP4839,Quality Inspection,Day,Experienced,80,25,118,5,4,Moderate
OP4840,Cell Loading,Night,Experienced,83,46,137,0,1,Low
OP4841,Packaging,Night,New,56,8,145,8,5,High
OP4842,Packaging,Day,Intermediate,77,19,144,4,4,Low
OP4843,Formation,Day,Intermediate,83,12,113,1,0,Low
OP4844,Packaging,Night,Experienced,84,46,137,0,0,Low
OP4845,Quality Inspection,Day,Experienced,81,47,104,4,1,Moderate
OP4846,Formation,Night,New,70,6,135,3,1,Moderate
OP4847,Formation,Day,Intermediate,81,13,133,6,3,High
OP4848,Packaging,Night,Experienced,82,48,104,6,3,Moderate
OP4849,Equipment Setup,Day,Experienced,88,46,80,2,1,Low
OP4850,Equipment Setup,Day,Intermediate,80,9,131,2,3,Moderate
OP4851,Formation,Day,New,70,6,80,4,1,Moderate
OP4852,Quality Inspection,Night,Experienced,85,52,88,2,0,Low
OP4853,Quality Inspection,Night,New,59,4,137,5,2,High
OP4854,Formation,Day,New,81,5,148,3,2,High
OP4855,Equipment Setup,Night,New,61,7,123,6,6,High
OP4856,Quality Inspection,Day,Intermediate,77,11,133,1,1,Low
OP4857,Quality Inspection,Night,New,73,3,134,2,2,Moderate
OP4858,Packaging,Night,Experienced,82,40,98,2,3,Moderate
OP4859,Quality Inspection,Night,New,62,5,141,5,1,High
OP4860,Equipment Setup,Day,Experienced,88,40,140,2,0,Low
OP4861,Formation,Day,Experienced,65,59,134,3,3,Moderate
OP4862,Packaging,Night,Experienced,100,44,130,1,1,Low
OP4863,Packaging,Day,Intermediate,94,15,90,1,1,Low
OP4864,Formation,Day,New,65,4,99,5,0,Moderate
OP4865,Equipment Setup,Day,Experienced,90,25,117,2,0,Low
OP4866,Cell Loading,Night,Intermediate,67,12,135,0,1,Moderate
OP4867,Formation,Day,Experienced,99,59,89,5,2,Moderate
OP4868,Quality Inspection,Night,Intermediate,94,10,91,7,5,High
OP4869,Quality Inspection,Night,Intermediate,72,14,125,5,1,Moderate
OP4870,Packaging,Night,New,65,3,117,5,4,High
OP4871,Quality Inspection,Night,Intermediate,86,16,131,3,2,Low
OP4872,Equipment Setup,Night,Experienced,78,31,108,2,0,Low
OP4873,Equipment Setup,Night,Experienced,79,60,95,3,0,Moderate
OP4874,Cell Loading,Day,Experienced,77,31,137,1,0,Low
OP4875,Quality Inspection,Day,Experienced,99,31,146,1,0,Low
OP4876,Equipment Setup,Day,New,74,0,149,7,3,High
OP4877,Packaging,Night,Intermediate,84,10,86,6,4,Moderate
OP4878,Cell Loading,Day,Experienced,100,49,110,1,2,Low
OP4879,Equipment Setup,Night,Intermediate,68,18,98,5,3,Moderate
OP4880,Packaging,Night,Experienced,89,51,141,0,0,Low
OP4881,Cell Loading,Day,Experienced,72,50,97,2,1,Low
OP4882,Packaging,Day,Intermediate,78,14,145,2,0,Low
OP4883,Packaging,Night,Intermediate,85,24,130,7,2,Moderate
OP4884,Quality Inspection,Day,Intermediate,82,21,85,0,0,Low
OP4885,Equipment Setup,Night,Experienced,92,48,141,0,0,Low
OP4886,Quality Inspection,Day,Experienced,69,39,127,2,0,Low
OP4887,Quality Inspection,Night,Intermediate,73,18,148,3,3,Low
OP4888,Equipment Setup,Day,Intermediate,73,15,117,4,3,Moderate
OP4889,Packaging,Day,Experienced,94,39,124,0,2,Moderate
OP4890,Quality Inspection,Day,Experienced,93,55,146,2,4,Low
OP4891,Formation,Night,Experienced,82,57,96,1,1,Low
OP4892,Quality Inspection,Day,Intermediate,93,16,94,4,0,High
OP4893,Formation,Night,Experienced,100,54,81,2,0,Low
OP4894,Formation,Day,Experienced,76,42,81,6,1,Moderate
OP4895,Cell Loading,Night,Intermediate,89,11,101,0,1,Low
OP4896,Packaging,Day,New,76,1,92,3,0,Low
OP4897,Packaging,Night,Experienced,98,40,94,1,1,Low
OP4898,Packaging,Night,Experienced,97,41,105,1,0,Low
OP4899,Formation,Day,New,86,2,84,4,2,Moderate
OP4900,Formation,Day,New,64,8,132,6,5,High
OP4901,Quality Inspection,Day,New,51,5,95,4,1,High
OP4902,Cell Loading,Day,Intermediate,67,14,90,1,1,Low
OP4903,Formation,Night,New,70,0,100,2,2,Moderate
OP4904,Equipment Setup,Day,New,70,3,98,5,4,High
OP4905,Quality Inspection,Day,Experienced,78,36,140,0,1,Low
OP4906,Packaging,Day,Intermediate,73,19,90,3,2,Moderate
OP4907,Formation,Day,Experienced,85,49,103,5,2,Moderate
OP4908,Packaging,Day,Intermediate,79,18,80,5,3,Moderate
OP4909,Equipment Setup,Day,Experienced,99,36,111,1,0,Low
OP4910,Cell Loading,Night,Experienced,88,47,120,2,2,Low
OP4911,Packaging,Night,Experienced,67,41,140,2,1,Moderate
OP4912,Packaging,Day,New,76,2,95,3,0,Low
OP4913,Formation,Day,Experienced,87,33,114,6,2,Moderate
OP4914,Cell Loading,Day,Intermediate,86,16,118,2,0,Low
OP4915,Equipment Setup,Night,Intermediate,71,24,117,1,1,Moderate
OP4916,Equipment Setup,Night,New,79,8,133,6,1,Moderate
OP4917,Cell Loading,Night,New,71,3,145,4,3,High
OP4918,Equipment Setup,Day,New,74,8,106,4,4,High
OP4919,Cell Loading,Night,Intermediate,83,21,104,4,3,Moderate
OP4920,Equipment Setup,Night,Experienced,95,59,109,6,6,High
OP4921,Packaging,Night,Experienced,98,42,135,1,0,Low
OP4922,Packaging,Day,Experienced,85,33,127,1,0,Low
OP4923,Formation,Day,Experienced,77,39,86,1,0,Low
OP4924,Equipment Setup,Day,New,57,8,100,6,2,High
OP4925,Formation,Day,Intermediate,94,9,87,3,1,Moderate
OP4926,Cell Loading,Night,New,93,4,134,1,0,Moderate
OP4927,Cell Loading,Day,Experienced,78,47,126,1,2,Low
OP4928,Formation,Day,New,63,1,120,5,2,High
OP4929,Quality Inspection,Night,New,80,3,140,2,0,Moderate
OP4930,Packaging,Day,New,82,4,99,2,3,Moderate
OP4931,Quality Inspection,Day,Intermediate,90,11,146,3,0,Low
OP4932,Packaging,Night,New,59,5,116,3,2,High
OP4933,Packaging,Night,Experienced,76,41,105,3,0,Low
OP4934,Equipment Setup,Night,New,80,6,83,3,4,High
OP4935,Cell Loading,Day,New,62,3,109,3,3,High
OP4936,Equipment Setup,Night,Intermediate,70,11,122,3,1,Moderate
OP4937,Cell Loading,Day,Intermediate,74,9,115,3,0,Low
OP4938,Equipment Setup,Day,Experienced,100,43,105,4,1,Moderate
OP4939,Cell Loading,Day,Experienced,100,53,105,4,1,Low
OP4940,Quality Inspection,Night,New,70,5,86,4,2,Moderate
OP4941,Quality Inspection,Day,Experienced,84,36,89,2,1,Low
OP4942,Equipment Setup,Night,Experienced,92,29,81,0,0,Low
OP4943,Quality Inspection,Day,Experienced,72,30,112,0,2,Low
OP4944,Formation,Night,New,61,3,103,5,2,High
OP4945,Equipment Setup,Day,Experienced,71,55,109,3,3,Moderate
OP4946,Cell Loading,Night,Intermediate,94,18,128,0,0,Low
OP4947,Equipment Setup,Day,Experienced,87,36,137,3,5,Moderate
OP4948,Equipment Setup,Night,New,50,7,150,6,4,High
OP4949,Formation,Day,Experienced,89,34,120,0,0,Low
OP4950,Cell Loading,Night,Intermediate,81,21,138,3,0,Low
OP4951,Packaging,Day,New,64,1,124,3,2,High
OP4952,Formation,Day,Intermediate,78,21,86,2,2,Low
OP4953,Packaging,Night,Experienced,60,25,144,3,1,Moderate
OP4954,Equipment Setup,Day,New,66,0,150,3,3,High
OP4955,Equipment Setup,Day,New,66,4,82,5,4,High
OP4956,Packaging,Day,Experienced,95,56,140,0,0,Low
OP4957,Equipment Setup,Day,Intermediate,82,24,112,1,1,Low
OP4958,Formation,Day,Intermediate,80,20,89,2,3,Low
OP4959,Equipment Setup,Day,Intermediate,79,15,133,2,1,Low
OP4960,Formation,Night,Experienced,91,44,116,2,0,Low
OP4961,Formation,Day,Experienced,88,35,119,4,0,Low
OP4962,Quality Inspection,Day,Experienced,84,43,143,3,0,Low
OP4963,Packaging,Night,New,83,4,133,4,2,Moderate
OP4964,Packaging,Night,Intermediate,60,15,137,0,0,Moderate
OP4965,Formation,Night,Experienced,84,41,115,4,2,Moderate
OP4966,Cell Loading,Day,New,63,2,81,0,1,Moderate
OP4967,Equipment Setup,Night,Experienced,85,36,97,6,4,High
OP4968,Formation,Night,Experienced,71,56,111,6,4,High
OP4969,Quality Inspection,Night,New,56,7,100,5,2,High
OP4970,Cell Loading,Night,Experienced,90,53,107,2,4,Moderate
OP4971,Equipment Setup,Day,Intermediate,68,11,140,3,3,Moderate
OP4972,Formation,Day,Intermediate,83,12,129,4,2,Moderate
OP4973,Quality Inspection,Day,Intermediate,73,10,89,0,0,Low
OP4974,Cell Loading,Night,Experienced,78,53,108,2,1,Low
OP4975,Packaging,Night,Intermediate,75,20,82,5,0,Moderate
OP4976,Quality Inspection,Night,Experienced,81,26,147,1,1,Low
OP4977,Cell Loading,Day,Experienced,100,53,86,1,0,Low
OP4978,Equipment Setup,Night,Experienced,100,46,127,2,1,Low
OP4979,Equipment Setup,Night,Intermediate,70,13,105,4,2,Moderate
OP4980,Packaging,Night,Intermediate,83,12,123,0,2,Low
OP4981,Formation,Day,Experienced,95,56,143,1,2,Low
OP4982,Packaging,Night,Experienced,85,54,82,2,0,Low
OP4983,Packaging,Night,New,75,3,85,5,5,High
OP4984,Quality Inspection,Night,Intermediate,76,15,136,1,0,Low
OP4985,Equipment Setup,Night,Intermediate,85,16,80,6,2,Moderate
OP4986,Packaging,Day,Intermediate,86,20,101,2,3,Moderate
OP4987,Formation,Day,Intermediate,95,20,102,2,1,Low
OP4988,Equipment Setup,Day,Experienced,88,42,105,3,0,Moderate
OP4989,Quality Inspection,Night,Experienced,79,35,113,3,2,Moderate
OP4990,Equipment Setup,Night,New,76,1,129,5,1,High
OP4991,Cell Loading,Day,Intermediate,76,18,122,1,2,Low
OP4992,Packaging,Day,New,65,1,91,4,4,High
OP4993,Quality Inspection,Night,Intermediate,61,12,125,4,4,High
OP4994,Packaging,Night,Intermediate,78,15,127,3,1,Low
OP4995,Packaging,Day,New,72,5,81,4,3,Moderate
OP4996,Packaging,Day,New,61,8,131,2,1,Moderate
OP4997,Equipment Setup,Night,New,64,1,138,7,6,High
OP4998,Formation,Day,New,65,8,97,4,1,High
OP4999,Quality Inspection,Day,Intermediate,66,22,116,6,4,Moderate
OP5000,Packaging,Night,Intermediate,71,21,101,2,3,Moderate
